{
  "config": {
    "run_name": "exp1_1",
    "out_dir": "./results",
    "seed": 245670728,
    "device": null,
    "bs_train": 128,
    "bs_test": 32,
    "batches": 100,
    "epochs": 100,
    "early_stopping": 10,
    "checkpoints": null,
    "lr": 0.001,
    "reg": 0.001,
    "filters_per_layer": [
      64
    ],
    "pool_every": 2,
    "hidden_dims": [
      100
    ],
    "model_type": "cnn",
    "kw": {},
    "layers_per_block": 2
  },
  "results": {
    "num_epochs": 0,
    "train_loss": [
      1.8948014044761659,
      1.5045508921146393,
      1.3317264330387115,
      1.213491084575653,
      1.1262465143203735,
      1.047351648211479,
      0.9697273910045624,
      0.8909831404685974,
      0.8145320999622345,
      0.7431702834367752,
      0.6788716673851013,
      0.6288791543245316,
      0.5887270399928093,
      0.5509096992015838,
      0.5090568029880523,
      0.4773134469985962,
      0.4127753883600235,
      0.4150592377781868,
      0.3781897078454495,
      0.3278775365650654,
      0.27087111204862596
    ],
    "train_acc": [
      31.2109375,
      46.1484375,
      52.6328125,
      57.3359375,
      60.578125,
      63.4375,
      66.21875,
      69.171875,
      71.703125,
      74.6328125,
      77.359375,
      78.5234375,
      79.984375,
      81.046875,
      82.3359375,
      83.53125,
      86.296875,
      85.8515625,
      87.1015625,
      89.3984375,
      91.5
    ],
    "test_loss": [
      1.6265280413627625,
      1.428139499425888,
      1.3336191356182099,
      1.2802628648281098,
      1.2662192583084106,
      1.2672185707092285,
      1.249835770726204,
      1.2460586392879487,
      1.2579623025655746,
      1.316321330666542,
      1.421968230009079,
      1.4894747400283814,
      1.4451596963405609,
      1.4300454437732697,
      1.5141462516784667,
      1.6656789928674698,
      1.9085678321123123,
      1.7215596276521683,
      1.8168844342231751,
      1.737957820892334,
      1.9451913511753083
    ],
    "test_acc": [
      42.0,
      49.1875,
      52.5625,
      54.4375,
      55.53125,
      55.46875,
      56.53125,
      57.3125,
      57.5,
      57.625,
      56.21875,
      55.78125,
      56.34375,
      57.625,
      55.3125,
      53.6875,
      51.125,
      53.75,
      54.15625,
      54.625,
      54.625
    ]
  }
}