{
  "config": {
    "run_name": "exp1_4",
    "out_dir": "./results",
    "seed": 930700508,
    "device": null,
    "bs_train": 128,
    "bs_test": 32,
    "batches": 100,
    "epochs": 100,
    "early_stopping": 10,
    "checkpoints": null,
    "lr": 0.001,
    "reg": 0.001,
    "filters_per_layer": [
      64,
      128,
      256
    ],
    "pool_every": 8,
    "hidden_dims": [
      100
    ],
    "model_type": "resnet",
    "kw": {},
    "layers_per_block": 2
  },
  "results": {
    "num_epochs": 0,
    "train_loss": [
      2.669810094833374,
      1.8593677580356598,
      1.70311181306839,
      1.6156447565555572,
      1.551796143054962,
      1.4843849062919616,
      1.4239900755882262,
      1.3593625223636627,
      1.294057983160019,
      1.250876019001007,
      1.2067088013887406,
      1.1354564207792281,
      1.083395580649376,
      1.0315997499227523,
      0.9899988543987274,
      0.9459730190038681,
      0.8751645839214325,
      0.8451861089468002,
      0.8220811879634857,
      0.8291441220045089,
      0.7991290026903153
    ],
    "train_acc": [
      21.65625,
      31.8671875,
      37.4296875,
      41.109375,
      43.6796875,
      45.671875,
      47.953125,
      50.1171875,
      53.140625,
      54.8046875,
      56.7109375,
      58.84375,
      61.109375,
      63.25,
      64.328125,
      65.3828125,
      68.3203125,
      69.78125,
      70.3671875,
      70.5234375,
      71.2734375
    ],
    "test_loss": [
      1.9772908723354339,
      1.8298720824718475,
      1.6865435290336608,
      1.6357245111465455,
      1.663367247581482,
      1.65392693400383,
      1.7376606261730194,
      1.7385218000411988,
      1.7157774460315705,
      1.724269495010376,
      1.8714839959144591,
      1.8656912970542907,
      1.9341659200191499,
      2.013129411935806,
      2.0158334231376647,
      2.079445834159851,
      2.174089026451111,
      2.2131145823001863,
      2.638867139816284,
      3.0130069255828857,
      3.0969601130485533
    ],
    "test_acc": [
      30.5,
      33.9375,
      39.3125,
      41.59375,
      41.15625,
      40.875,
      40.875,
      41.84375,
      43.03125,
      44.0,
      42.5625,
      41.0625,
      38.875,
      38.46875,
      38.46875,
      39.59375,
      38.4375,
      35.9375,
      31.5,
      33.53125,
      36.78125
    ]
  }
}