{
  "config": {
    "run_name": "exp1_4",
    "out_dir": "./results",
    "seed": 201232417,
    "device": null,
    "bs_train": 128,
    "bs_test": 32,
    "batches": 100,
    "epochs": 100,
    "early_stopping": 3,
    "checkpoints": null,
    "lr": 0.001,
    "reg": 0.001,
    "filters_per_layer": [
      32
    ],
    "pool_every": 4,
    "hidden_dims": [
      100
    ],
    "model_type": "resnet",
    "kw": {},
    "layers_per_block": 8
  },
  "results": {
    "num_epochs": 0,
    "train_loss": [
      1.8518142795562744,
      1.4404322254657744,
      1.2659638214111328,
      1.1318666940927506,
      1.0288951313495636,
      0.9520536214113235,
      0.8719509816169739,
      0.7997538787126541,
      0.7479850232601166,
      0.6965074825286866,
      0.6361320319771767,
      0.6046412000060082,
      0.5643743395805358,
      0.5250500160455703,
      0.5166379633545876
    ],
    "train_acc": [
      32.2890625,
      48.171875,
      54.84375,
      59.875,
      63.6796875,
      66.5546875,
      69.2265625,
      71.3671875,
      73.65625,
      75.25,
      77.640625,
      78.7578125,
      80.0546875,
      81.28125,
      81.515625
    ],
    "test_loss": [
      1.5068214285373687,
      1.365799503326416,
      1.2552601796388627,
      1.2233589297533036,
      1.188559920191765,
      1.211042799949646,
      1.2352922403812407,
      1.1083928263187408,
      1.1210763615369796,
      1.0969675180315972,
      1.1214775401353836,
      1.0998172640800477,
      1.2578747427463532,
      1.2466697639226914,
      1.1942049556970595
    ],
    "test_acc": [
      44.59375,
      51.90625,
      55.53125,
      56.5625,
      58.53125,
      58.21875,
      58.96875,
      63.0,
      63.5,
      63.78125,
      64.3125,
      63.90625,
      61.5625,
      62.15625,
      63.6875
    ]
  }
}