{
  "config": {
    "run_name": "exp1_1_L2_K32",
    "out_dir": "./results",
    "seed": 47809353,
    "device": null,
    "bs_train": 128,
    "bs_test": 32,
    "batches": 100,
    "epochs": 100,
    "early_stopping": 3,
    "checkpoints": null,
    "lr": 0.001,
    "reg": 0.001,
    "filters_per_layer": [
      32
    ],
    "pool_every": 2,
    "hidden_dims": [
      100
    ],
    "model_type": "cnn",
    "kw": {},
    "layers_per_block": 2
  },
  "results": {
    "num_epochs": 0,
    "train_loss": [
      1.8907764232158661,
      1.5193953788280488,
      1.346212089061737,
      1.2370256280899048,
      1.154912561774254,
      1.0803832149505614,
      1.0024818938970566,
      0.9224048000574112,
      0.8498082602024079,
      0.7847533559799195,
      0.724417627453804,
      0.6781683588027954,
      0.6227289396524429,
      0.586257447898388,
      0.5683267924189568,
      0.5597323560714722,
      0.5579850208759308,
      0.5091122332215309,
      0.44356666177511217,
      0.4195029294490814,
      0.3546522869169712,
      0.3272697685658932,
      0.30370879992842675,
      0.30176341757178304,
      0.28170051842927935,
      0.26695976659655574,
      0.285187109708786,
      0.2595316202938557,
      0.22860798388719558,
      0.20395821914076806,
      0.18917053423821925,
      0.20492733411490918,
      0.21036539904773235,
      0.19089435979723932,
      0.1777962641045451,
      0.1621279788762331,
      0.11785512875765562,
      0.08866498427465558,
      0.07546359406784177,
      0.07208621039986611,
      0.06652391565963627,
      0.0630266104079783,
      0.06280910555273295,
      0.08488449387252331,
      0.11382228076457977,
      0.15064823539927602,
      0.14949156295508145,
      0.12713264927268028,
      0.10807974442839623,
      0.1140306005626917,
      0.09295838795602322,
      0.08491873338818551,
      0.08468400787562132,
      0.07098296545445919,
      0.059474959392100575,
      0.060508313830941914,
      0.05780851289629936,
      0.06931099040433765,
      0.08262921322137118,
      0.0821261759288609,
      0.0843946591578424,
      0.08837698753923177,
      0.13801804672926665,
      0.12561536274850368,
      0.10366278897970915,
      0.07667337574064731,
      0.03427085871808231,
      0.02470634298399091,
      0.019012621929869057,
      0.012828228883445264,
      0.012143683298490941,
      0.012994190282188355,
      0.013593568713404239,
      0.014526560525409878,
      0.02187081134878099,
      0.13207586409524083,
      0.27447494082152846,
      0.14897949501872063,
      0.07407897753641009,
      0.0485700867511332,
      0.044262734074145556,
      0.03552243284881115,
      0.03994693351909518,
      0.0489791707880795,
      0.058416314255446196,
      0.07589748224243521,
      0.06835302401334048,
      0.0752260091342032,
      0.10251529328525066,
      0.11078391339629888,
      0.07986434688791633,
      0.06227874282747507,
      0.06836832706816494,
      0.05342546300031245,
      0.0586789121478796,
      0.03275807954370975,
      0.028274117428809406,
      0.01854281995911151,
      0.017246959223411976,
      0.023534711841493847
    ],
    "train_acc": [
      32.1640625,
      45.890625,
      51.984375,
      55.9375,
      59.1875,
      62.3671875,
      65.2265625,
      68.109375,
      70.75,
      73.296875,
      75.5625,
      77.0859375,
      79.1953125,
      80.171875,
      80.8671875,
      80.7421875,
      80.4609375,
      82.28125,
      85.296875,
      85.953125,
      88.46875,
      89.4453125,
      90.40625,
      90.09375,
      91.03125,
      91.203125,
      89.90625,
      91.40625,
      92.5,
      93.7265625,
      94.0078125,
      93.4609375,
      93.5,
      93.9140625,
      94.3984375,
      95.0546875,
      96.9609375,
      98.0390625,
      98.3671875,
      98.59375,
      98.828125,
      98.7421875,
      98.828125,
      98.015625,
      96.796875,
      95.53125,
      95.28125,
      96.296875,
      96.90625,
      96.875,
      97.4296875,
      97.6796875,
      97.8125,
      98.296875,
      98.6640625,
      98.65625,
      98.671875,
      98.265625,
      97.8046875,
      97.609375,
      97.6796875,
      97.375,
      95.875,
      96.1015625,
      96.84375,
      97.8046875,
      99.40625,
      99.6640625,
      99.8203125,
      99.9609375,
      99.96875,
      99.9296875,
      99.953125,
      99.953125,
      99.8203125,
      95.9765625,
      90.953125,
      95.3671875,
      98.09375,
      98.9921875,
      99.1484375,
      99.5078125,
      99.234375,
      98.8828125,
      98.5390625,
      97.9609375,
      98.0859375,
      98.0546875,
      96.8046875,
      96.4296875,
      97.7421875,
      98.3671875,
      98.2265625,
      98.546875,
      98.4375,
      99.3671875,
      99.5546875,
      99.78125,
      99.796875,
      99.65625
    ],
    "test_loss": [
      1.6431954181194306,
      1.4367514038085938,
      1.3296004140377045,
      1.2706320917606353,
      1.2293869775533677,
      1.2104309266805648,
      1.1788790822029114,
      1.1612604492902756,
      1.1675916266441346,
      1.1811965006589888,
      1.2173864430189132,
      1.274194466471672,
      1.2574513065814972,
      1.280365867614746,
      1.3676429170370101,
      1.4552977752685547,
      1.5543878185749054,
      1.4883137369155883,
      1.5618714481592177,
      1.57804025888443,
      1.7356814831495284,
      1.796296976208687,
      1.7199093616008758,
      1.805608068704605,
      1.8716514909267425,
      2.006350245475769,
      1.9047142428159713,
      1.948509794473648,
      2.035398131608963,
      2.2382708954811097,
      1.9565193903446199,
      1.9027252531051635,
      1.9236195677518844,
      2.0057546907663344,
      2.0450995606184006,
      1.9519282281398773,
      2.0804026901721953,
      2.0964044511318205,
      2.1376315557956698,
      2.129054364562035,
      2.206789107322693,
      2.339532928466797,
      2.2723078286647795,
      2.2216848850250246,
      2.18220489859581,
      2.2223467373847963,
      2.09906833589077,
      2.2602130365371704,
      2.293103612065315,
      2.3369600623846054,
      2.3198082172870635,
      2.28120763361454,
      2.284780679941177,
      2.1899386858940124,
      2.2669762337207793,
      2.2459040474891663,
      2.261565625667572,
      2.3988862252235412,
      2.53239353120327,
      2.5130168306827545,
      2.4596307265758512,
      2.566421000957489,
      2.8991609847545625,
      2.482837733030319,
      2.209493470788002,
      2.281856119632721,
      2.422780518531799,
      2.360626618862152,
      2.3582197284698485,
      2.3117982840538023,
      2.2711065471172334,
      2.266579821109772,
      2.220856990814209,
      2.2585026824474337,
      2.2469899892807006,
      2.2632357800006866,
      2.133269456624985,
      2.236488637328148,
      2.3246348309516907,
      2.31070656478405,
      2.3449796795845033,
      2.392613388299942,
      2.48930149435997,
      2.3666742646694185,
      2.3719304049015046,
      2.3893118131160738,
      2.5307689917087557,
      2.57429496049881,
      2.566264969110489,
      2.3641704285144804,
      2.525488466024399,
      2.5839734160900116,
      2.383031644821167,
      2.4755117404460907,
      2.4938881742954253,
      2.537487365603447,
      2.537165758609772,
      2.4808710491657258,
      2.6584996080398557,
      2.527979737520218
    ],