{
  "config": {
    "run_name": "exp1_1",
    "out_dir": "./results",
    "seed": 10033843,
    "device": null,
    "bs_train": 128,
    "bs_test": 32,
    "batches": 100,
    "epochs": 100,
    "early_stopping": 10,
    "checkpoints": null,
    "lr": 0.001,
    "reg": 0.001,
    "filters_per_layer": [
      64
    ],
    "pool_every": 2,
    "hidden_dims": [
      100
    ],
    "model_type": "cnn",
    "kw": {},
    "layers_per_block": 4
  },
  "results": {
    "num_epochs": 0,
    "train_loss": [
      1.9479146122932434,
      1.5961356711387635,
      1.4625281178951264,
      1.3509001290798188,
      1.2485818874835968,
      1.1585573494434356,
      1.055800135731697,
      0.9676682007312775,
      0.8861123257875443,
      0.81749132335186,
      0.7875305265188217,
      0.7512060132622719,
      0.6802828568220138,
      0.6348583874106407,
      0.5620049938559533,
      0.5249888679385185,
      0.4510799834132195,
      0.4317860333621502,
      0.42009977519512176,
      0.3655130782723427,
      0.32711377456784246,
      0.29295187555253505,
      0.24693695686757564,
      0.2483649131655693
    ],
    "train_acc": [
      28.6953125,
      41.90625,
      46.921875,
      51.3046875,
      54.828125,
      58.5625,
      62.328125,
      65.421875,
      68.75,
      70.953125,
      72.2265625,
      73.2890625,
      76.0625,
      77.890625,
      80.25,
      81.015625,
      84.296875,
      84.7265625,
      85.1171875,
      87.0234375,
      88.15625,
      89.421875,
      91.25,
      91.078125
    ],
    "test_loss": [
      1.6574028158187866,
      1.4999999046325683,
      1.4334252524375914,
      1.368821970820427,
      1.306580496430397,
      1.2609999734163284,
      1.235922147631645,
      1.2241514980793,
      1.2578171682357788,
      1.3084716671705245,
      1.3491845941543579,
      1.3305383127927781,
      1.2985148534178734,
      1.400397346019745,
      1.5252717590332032,
      1.6963781940937042,
      1.8573172491788865,
      2.008060674071312,
      1.7915421313047408,
      1.8904859149456024,
      1.9851514065265656,
      2.0510804080963134,
      2.1723165810108185,
      2.187486116886139
    ],
    "test_acc": [
      40.78125,
      45.625,
      48.625,
      51.09375,
      54.0,
      55.125,
      56.625,
      57.53125,
      57.40625,
      56.40625,
      55.90625,
      55.1875,
      57.65625,
      57.34375,
      57.4375,
      54.8125,
      53.03125,
      49.90625,
      55.40625,
      54.875,
      55.09375,
      54.75,
      53.3125,
      54.875
    ]
  }
}