{
  "config": {
    "run_name": "exp1_4_L8_K32",
    "out_dir": "./results",
    "seed": 276417857,
    "device": null,
    "bs_train": 128,
    "bs_test": 32,
    "batches": 100,
    "epochs": 100,
    "early_stopping": 3,
    "checkpoints": null,
    "lr": 0.001,
    "reg": 0.001,
    "filters_per_layer": [
      32
    ],
    "pool_every": 4,
    "hidden_dims": [
      100
    ],
    "model_type": "cnn",
    "kw": {},
    "layers_per_block": 8
  },
  "results": {
    "num_epochs": 0,
    "train_loss": [
      2.303392367362976,
      2.3027260160446166,
      2.3026124095916747,
      2.3025264525413514,
      2.3024902629852293,
      2.3024747490882875
    ],
    "train_acc": [
      9.8203125,
      10.2109375,
      10.1640625,
      10.1328125,
      10.0078125,
      9.546875
    ],
    "test_loss": [
      2.3027058720588682,
      2.302734360694885,
      2.30252091884613,
      2.3025142049789427,
      2.3025157403945924,
      2.3025193333625795
    ],
    "test_acc": [
      9.84375,
      10.125,
      10.125,
      10.125,
      10.125,
      10.125
    ]
  }
}