{
  "config": {
    "run_name": "exp1_4",
    "out_dir": "./results",
    "seed": 1975580517,
    "device": null,
    "bs_train": 128,
    "bs_test": 32,
    "batches": 100,
    "epochs": 100,
    "early_stopping": 10,
    "checkpoints": null,
    "lr": 0.001,
    "reg": 0.001,
    "filters_per_layer": [
      32
    ],
    "pool_every": 8,
    "hidden_dims": [
      100
    ],
    "model_type": "resnet",
    "kw": {},
    "layers_per_block": 32
  },
  "results": {
    "num_epochs": 0,
    "train_loss": [
      2.1455454778671266,
      1.830062439441681,
      1.6695679128170013,
      1.5630319106578827,
      1.48640793800354,
      1.4205871737003326,
      1.341919069290161,
      1.271399130821228,
      1.2171179401874541,
      1.1481823152303696,
      1.1105435705184936,
      1.0634595412015915,
      1.0203984647989273,
      0.9905233627557755,
      0.9592843449115753,
      0.950166397690773,
      0.9070144498348236,
      0.8808962488174439,
      0.8575788241624832,
      0.834588669538498,
      0.8027320456504822,
      0.7894450825452805,
      0.7788927358388901,
      0.7529366886615754,
      0.7418624448776245,
      0.7283143359422684,
      0.7080598568916321,
      0.7034694042801857,
      0.6698114597797393,
      0.6592827591300011,
      0.6540983980894088,
      0.6245130649209023,
      0.6216760912537574,
      0.6065548157691956,
      0.5920572555065156,
      0.5846483045816422,
      0.5829403287172318,
      0.5685086500644684,
      0.554229391515255,
      0.5397149494290352,
      0.5372770574688911,
      0.5127984988689422,
      0.5229608660936356,
      0.5118200281262397,
      0.5031626173853874,
      0.5076404169201851,
      0.47415956735610965,
      0.4713702994585037,
      0.46855626165866854,
      0.461897049844265,
      0.45837787836790084,
      0.46036724537611007,
      0.4411043679714203,
      0.4357355880737305,
      0.4399991691112518,
      0.4249781426787376,
      0.4180882659554481,
      0.4094239783287048,
      0.41164430111646655,
      0.39232393831014634,
      0.4181430155038834,
      0.39824712932109835,
      0.393618311136961,
      0.3690954041481018,
      0.37740799844264983,
      0.3853955838084221,
      0.3750560891628265,
      0.37003046452999117,
      0.3872791677713394,
      0.35827603563666344
    ],
    "train_acc": [
      18.96875,
      31.1875,
      37.9453125,
      42.4375,
      45.484375,
      48.3046875,
      51.1953125,
      54.0390625,
      55.984375,
      58.40625,
      60.2421875,
      61.6484375,
      63.7890625,
      65.0078125,
      65.734375,
      65.9609375,
      67.7890625,
      68.5859375,
      69.8828125,
      70.78125,
      71.6796875,
      72.109375,
      72.328125,
      73.28125,
      73.390625,
      74.375,
      74.9296875,
      75.34375,
      76.4140625,
      76.6015625,
      76.6796875,
      77.6953125,
      78.1875,
      78.515625,
      78.8125,
      79.359375,
      79.390625,
      79.7578125,
      80.265625,
      80.875,
      81.1640625,
      81.9453125,
      81.3046875,
      81.8359375,
      82.0078125,
      81.8125,
      83.421875,
      83.171875,
      83.5234375,
      83.453125,
      83.453125,
      83.6875,
      83.984375,
      84.46875,
      84.28125,
      84.890625,
      85.0,
      85.7734375,
      85.2109375,
      86.53125,
      85.03125,
      85.7265625,
      86.0234375,
      86.859375,
      86.359375,
      86.6484375,
      86.1796875,
      86.6484375,
      86.265625,
      87.2578125
    ],
    "test_loss": [
      1.968199805021286,
      1.812772560119629,
      1.5816221368312835,
      1.4755830156803131,
      1.4260365545749665,
      1.3747615134716034,
      1.419843738079071,
      1.2407426363229752,
      1.1744597125053406,
      1.156719866991043,
      1.116046832203865,
      1.0970371466875077,
      1.1117620825767518,
      1.062462431192398,
      1.050938965678215,
      1.0660267794132232,
      1.1286172318458556,
      0.986685056090355,
      1.0383797514438629,
      1.0095232498645783,
      1.0177058571577071,
      0.9697197249531746,
      0.9535605311393738,
      1.0176502281427384,
      1.0031997084617614,
      1.0213161134719848,
      1.076066861152649,
      1.0376359421014785,
      1.0051538133621216,
      1.036175749897957,
      0.9957316493988038,
      1.0661352080106736,
      1.0985994866490365,
      1.262472922205925,
      1.117975732088089,
      1.0923289531469345,
      1.0011067628860473,
      1.01454645216465,
      1.028973807990551,
      1.0555117815732955,
      0.9885384976863861,
      1.1329663234949112,
      1.0012842866778373,
      1.0575187015533447,
      1.0846000766754151,
      1.047407011091709,
      1.047107021510601,
      1.0905000603199004,
      1.022210521697998,
      1.127005476653576,
      1.1581939125061036,
      1.1504571184515953,
      1.1561854618787766,
      1.1776366180181503,
      1.1692287319898604,
      1.0885403352975844,
      1.0868592044711114,
      1.0606374022364617,
      1.0700633808970452,
      1.133922277390957,
      1.1457885313034057,
      1.1498834174871444,
      1.170894774198532,
      1.2499659034609794,
      1.213536230325699,
      1.23759584069252,
      1.190332345366478,
      1.2078411424160003,
      1.187350267469883,
      1.2116010621190072
    ],
    "test_acc": [
      23.40625,
      36.75,
      42.8125,
      46.875,
      49.03125,
      51.21875,
      49.78125,
      55.5625,
      58.46875,
      59.3125,
      61.15625,
      61.65625,
      61.21875,
      63.75,
      63.6875,
      63.75,
      62.75,
      65.78125,
      64.8125,
      65.96875,
      66.03125,
      67.28125,
      67.28125,
      65.40625,
      66.8125,
      66.15625,
      65.03125,
      66.0,
      68.1875,
      66.78125,
      66.9375,
      66.9375,
      65.90625,
      63.875,
      65.59375,
      67.53125,
      68.78125,
      68.59375,
      69.59375,
      68.1875,
      69.1875,
      67.40625,
      69.59375,
      67.8125,
      68.90625,
      69.65625,
      69.5625,
      68.90625,
      69.96875,
      68.53125,
      68.4375,
      68.34375,
      68.6875,
      68.1875,
      67.59375,
      69.96875,
      69.65625,
      70.4375,
      70.6875,
      69.5,
      68.25,
      69.28125,
      68.4375,
      68.28125,
      68.1875,
      68.03125,
      68.625,
      68.6875,
      69.625,
      69.125
    ]
  }
}