{
  "config": {
    "run_name": "exp1_4",
    "out_dir": "./results",
    "seed": 2100055615,
    "device": null,
    "bs_train": 128,
    "bs_test": 32,
    "batches": 100,
    "epochs": 100,
    "early_stopping": 10,
    "checkpoints": null,
    "lr": 0.001,
    "reg": 0.001,
    "filters_per_layer": [
      64,
      128,
      256
    ],
    "pool_every": 8,
    "hidden_dims": [
      100
    ],
    "model_type": "resnet",
    "kw": {},
    "layers_per_block": 8
  },
  "results": {
    "num_epochs": 0,
    "train_loss": [
      2.1251614677906034,
      1.8269586789608,
      1.720268280506134,
      1.618258647918701,
      1.5504747009277344,
      1.4913692200183868,
      1.449478815793991,
      1.3994348800182344,
      1.3488141751289369,
      1.3142257130146027,
      1.2798192310333252,
      1.2358543431758882,
      1.205319781899452,
      1.1724302875995636,
      1.1399500089883805,
      1.1222900694608688,
      1.0958564269542694,
      1.063847998380661,
      1.0432770192623138,
      1.0280440211296082,
      0.9979025769233704,
      0.9913800263404846,
      0.966357734799385,
      0.9538302731513977,
      0.9326272010803223,
      0.9148817694187165,
      0.8957867819070816,
      0.8821292608976364,
      0.8731553143262863,
      0.8591139471530914,
      0.8451941275596618,
      0.8201837372779847,
      0.8210493814945221,
      0.8092601376771927,
      0.7954853409528733,
      0.7887203633785248,
      0.7744020199775696,
      0.7510895937681198,
      0.7501846569776535,
      0.7441688364744187,
      0.7214763247966767,
      0.7113397744297981,
      0.7039202314615249,
      0.7004313227534295,
      0.6928595951199532,
      0.673084135055542,
      0.667746208012104,
      0.6532304251194,
      0.6480113813281059,
      0.6393712863326073,
      0.6364314338564873,
      0.6173277020454406,
      0.6127600100636482,
      0.6022790598869324,
      0.5951243573427201,
      0.6044830870628357,
      0.5854414248466492,
      0.5705711895227432,
      0.5729728364944457,
      0.5640287214517593,
      0.5527894714474678,
      0.5435096532106399,
      0.5430355367064476,
      0.5340336507558823
    ],
    "train_acc": [
      19.8671875,
      31.8125,
      35.7421875,
      40.2109375,
      42.5625,
      44.8046875,
      46.6015625,
      48.8125,
      50.9140625,
      52.8203125,
      53.2734375,
      54.6796875,
      56.03125,
      57.6875,
      58.7421875,
      59.421875,
      60.40625,
      61.59375,
      62.7734375,
      63.171875,
      63.9375,
      64.4140625,
      65.1484375,
      65.578125,
      66.3515625,
      67.3203125,
      68.046875,
      68.375,
      69.125,
      69.5859375,
      69.6875,
      71.109375,
      70.96875,
      71.2109375,
      72.03125,
      71.9375,
      72.34375,
      73.3359375,
      73.515625,
      73.7109375,
      74.3515625,
      74.671875,
      74.7265625,
      75.0,
      75.09375,
      75.7578125,
      76.3203125,
      76.296875,
      76.6328125,
      77.171875,
      77.3046875,
      78.28125,
      78.1328125,
      78.296875,
      78.90625,
      78.296875,
      79.25,
      79.8359375,
      79.671875,
      79.859375,
      80.28125,
      80.5625,
      80.640625,
      80.8984375
    ],
    "test_loss": [
      1.9088040208816528,
      1.9284773027896882,
      1.691394056081772,
      1.5656211256980896,
      1.4874753701686858,
      1.4523615753650665,
      1.433116958141327,
      1.417153103351593,
      1.3541189980506898,
      1.334152740240097,
      1.272047348022461,
      1.3878230047225952,
      1.1934858918190003,
      1.2227204960584641,
      1.2280759835243225,
      1.2042492932081224,
      1.194354271888733,
      1.1423612374067307,
      1.1282375717163087,
      1.0757708632946015,
      1.2058978581428528,
      1.0856239354610444,
      1.114807484149933,
      1.0712700086832045,
      1.1115904074907303,
      1.065688082575798,
      1.0385642409324647,
      1.0811243003606796,
      1.1616879606246948,
      1.0326959151029587,
      1.0948155623674394,
      1.035998661518097,
      1.0085416305065156,
      1.0228696137666702,
      1.1069633823633194,
      1.0648790204524994,
      1.0512038630247116,
      1.031108450293541,
      1.0197623753547669,
      1.0375645935535431,
      1.0283500516414643,
      1.0478694832324982,
      1.0289486259222032,
      1.0361131536960602,
      1.0773190385103226,
      1.0798056244850158,
      1.0399362939596175,
      1.122722550034523,
      1.0602450385689735,
      1.2207825994491577,
      1.0890485274791717,
      1.1104648047685624,
      1.0934481319785119,
      1.0934549871087074,
      1.1197511747479438,
      1.0816714262962341,
      1.1379169946908951,
      1.1321852320432664,
      1.086937283873558,
      1.1704697930812835,
      1.2406836080551147,
      1.161786059141159,
      1.3252837973833085,
      1.2154651242494583
    ],
    "test_acc": [
      27.96875,
      31.59375,
      37.59375,
      43.21875,
      46.0625,
      47.34375,
      49.0,
      48.40625,
      51.84375,
      52.21875,
      54.0625,
      52.09375,
      56.1875,
      55.28125,
      56.5625,
      57.59375,
      58.125,
      59.0,
      60.03125,
      61.65625,
      58.25,
      61.09375,
      61.09375,
      62.53125,
      61.46875,
      62.59375,
      63.21875,
      62.09375,
      61.0,
      63.625,
      62.71875,
      64.4375,
      64.59375,
      64.0,
      62.15625,
      63.40625,
      65.0,
      65.28125,
      64.90625,
      64.71875,
      65.71875,
      65.40625,
      65.625,
      65.25,
      64.46875,
      64.84375,
      65.84375,
      64.28125,
      65.5625,
      62.40625,
      64.4375,
      63.9375,
      66.25,
      65.71875,
      64.71875,
      66.125,
      65.0,
      64.8125,
      64.59375,
      64.59375,
      64.125,
      65.625,
      64.0,
      64.90625
    ]
  }
}