{
  "config": {
    "run_name": "exp1_3",
    "out_dir": "./results",
    "seed": 1083723136,
    "device": null,
    "bs_train": 128,
    "bs_test": 32,
    "batches": 100,
    "epochs": 100,
    "early_stopping": 10,
    "checkpoints": null,
    "lr": 0.001,
    "reg": 0.001,
    "filters_per_layer": [
      64,
      128
    ],
    "pool_every": 2,
    "hidden_dims": [
      100
    ],
    "model_type": "cnn",
    "kw": {},
    "layers_per_block": 2
  },
  "results": {
    "num_epochs": 0,
    "train_loss": [
      1.984253636598587,
      1.6211875021457671,
      1.4653404188156127,
      1.3187657904624939,
      1.2057010746002197,
      1.112132424712181,
      1.0213753545284272,
      0.9379222482442856,
      0.86770039498806,
      0.8032398676872253,
      0.7520958793163299,
      0.6815857943892479,
      0.6465731200575828,
      0.5989758461713791,
      0.5230250614881515,
      0.4686110493540764,
      0.444767581820488,
      0.42134848356246946,
      0.3883704994618893,
      0.3676229874789715
    ],
    "train_acc": [
      26.703125,
      40.75,
      46.765625,
      51.9140625,
      56.578125,
      60.46875,
      63.484375,
      66.8671875,
      69.3046875,
      71.578125,
      73.53125,
      75.984375,
      76.828125,
      78.9453125,
      81.703125,
      83.734375,
      84.1953125,
      84.9453125,
      86.203125,
      86.8515625
    ],
    "test_loss": [
      1.7621205675601959,
      1.5780384874343871,
      1.3881003606319426,
      1.2799491280317306,
      1.2228769201040268,
      1.194832615852356,
      1.185842747092247,
      1.1562149709463119,
      1.1490273863077163,
      1.2072717690467833,
      1.2644827210903167,
      1.3735762155056,
      1.3111354809999467,
      1.4910159772634506,
      1.6282448583841325,
      1.6220613706111908,
      1.7367357462644577,
      1.6847650289535523,
      1.7927463936805725,
      1.7721158373355865
    ],
    "test_acc": [
      35.6875,
      43.75,
      50.75,
      54.96875,
      56.125,
      56.96875,
      57.5,
      59.4375,
      60.03125,
      59.84375,
      59.875,
      57.5625,
      59.96875,
      58.6875,
      56.8125,
      57.34375,
      56.46875,
      55.9375,
      56.96875,
      57.1875
    ]
  }
}