{
  "config": {
    "run_name": "exp1_1",
    "out_dir": "./results",
    "seed": 716672600,
    "device": null,
    "bs_train": 128,
    "bs_test": 32,
    "batches": 100,
    "epochs": 100,
    "early_stopping": 10,
    "checkpoints": null,
    "lr": 0.001,
    "reg": 0.001,
    "filters_per_layer": [
      32
    ],
    "pool_every": 2,
    "hidden_dims": [
      100
    ],
    "model_type": "cnn",
    "kw": {},
    "layers_per_block": 8
  },
  "results": {
    "num_epochs": 0,
    "train_loss": [
      2.3031880497932433,
      2.302772531509399,
      2.30270884513855,
      2.3026674127578737,
      2.30263813495636,
      2.3026165652275083,
      2.3025994992256162,
      2.3025841665267945,
      2.302568452358246,
      2.3025598192214964,
      2.302543587684631,
      2.3025330257415773
    ],
    "train_acc": [
      9.921875,
      10.0625,
      10.3515625,
      10.3515625,
      10.3515625,
      10.3515625,
      10.3515625,
      10.3515625,
      10.3515625,
      10.3515625,
      10.3515625,
      10.3515625
    ],
    "test_loss": [
      2.302727518081665,
      2.3026804542541504,
      2.302652907371521,
      2.302636675834656,
      2.302624065876007,
      2.30261292219162,
      2.302607183456421,
      2.3025974369049074,
      2.302590563297272,
      2.3025866627693174,
      2.3025792336463926,
      2.30257488489151
    ],
    "test_acc": [
      10.125,
      10.125,
      10.125,
      10.125,
      10.125,
      10.125,
      10.125,
      10.125,
      10.125,
      10.125,
      10.125,
      10.125
    ]
  }
}