{
  "config": {
    "run_name": "exp1_4_L16_K32",
    "out_dir": "./results",
    "seed": 1380622170,
    "device": null,
    "bs_train": 128,
    "bs_test": 32,
    "batches": 100,
    "epochs": 100,
    "early_stopping": 3,
    "checkpoints": null,
    "lr": 0.001,
    "reg": 0.001,
    "filters_per_layer": [
      32
    ],
    "pool_every": 4,
    "hidden_dims": [
      100
    ],
    "model_type": "cnn",
    "kw": {},
    "layers_per_block": 16
  },
  "results": {
    "num_epochs": 0,
    "train_loss": [
      2.3031181931495666,
      2.3027362251281738,
      2.3026730251312255,
      2.302636799812317,
      2.3026115798950197
    ],
    "train_acc": [
      10.0625,
      10.171875,
      10.203125,
      10.2734375,
      10.3515625
    ],
    "test_loss": [
      2.3026258087158205,
      2.3026276278495788,
      2.30260849237442,
      2.302602462768555,
      2.3025951910018922
    ],
    "test_acc": [
      10.125,
      10.125,
      10.125,
      10.125,
      10.125
    ]
  }
}