{
  "config": {
    "run_name": "exp1_1_L16_K32",
    "out_dir": "./results",
    "seed": 1317113266,
    "device": null,
    "bs_train": 128,
    "bs_test": 32,
    "batches": 100,
    "epochs": 100,
    "early_stopping": 3,
    "checkpoints": null,
    "lr": 0.001,
    "reg": 0.001,
    "filters_per_layer": [
      32
    ],
    "pool_every": 4,
    "hidden_dims": [
      100
    ],
    "model_type": "cnn",
    "kw": {},
    "layers_per_block": 16
  },
  "results": {
    "num_epochs": 0,
    "train_loss": [
      2.3036533546447755,
      2.3028016781806944,
      2.302724368572235,
      2.3026709604263305,
      2.3026401448249816,
      2.30261470079422,
      2.3025910687446594,
      2.3025755167007445,
      2.302562189102173,
      2.3025506234169004,
      2.302540600299835,
      2.302531385421753,
      2.302524242401123,
      2.30251531124115,
      2.3025078678131106,
      2.3025060892105103,
      2.302504436969757,
      2.3024864292144773,
      2.302481017112732,
      2.302475957870483,
      2.302470109462738,
      2.302464919090271,
      2.3024605202674864,
      2.30245480298996,
      2.3024501824378967,
      2.302445578575134,
      2.302441282272339,
      2.3024374985694886,
      2.3024344754219057,
      2.302429988384247,
      2.3024265813827514,
      2.3024236273765566,
      2.302420690059662,
      2.3024181485176087,
      2.3024157786369326,
      2.302413647174835,
      2.3024175119400025,
      2.3024108004570008,
      2.3024162006378175,
      2.302412233352661,
      2.3024077343940736,
      2.302403919696808,
      2.3024026489257814,
      2.302401795387268,
      2.302400748729706,
      2.3024000263214113,
      2.302399146556854,
      2.302398421764374,
      2.3023977971076963,
      2.302397298812866,
      2.30239684343338,
      2.3023964738845826,
      2.3023963928222657,
      2.3024038791656496,
      2.3024021911621095,
      2.3023953080177306,
      2.3023953652381897,
      2.3023953557014467,
      2.302396628856659,
      2.302395374774933,
      2.302396867275238,
      2.302402455806732,
      2.3024033761024474,
      2.3023950171470644,
      2.302395303249359,
      2.3024004244804384,
      2.302395224571228,
      2.3023954486846923,
      2.302402746677399,
      2.302401521205902,
      2.3023964858055113,
      2.3023951601982118,
      2.302395269870758,
      2.3023961067199705,
      2.302395248413086,
      2.3023998498916627,
      2.302399835586548,
      2.3023952889442443,
      2.3024023842811583,
      2.3023978757858274,
      2.3024028158187866,
      2.3023982429504395,
      2.3024003291130066,
      2.3023961782455444,
      2.3023993015289306,
      2.30240149974823,
      2.302405741214752,
      2.3023949813842775,
      2.302395153045654,
      2.3023962807655334,
      2.3024002432823183,
      2.3023960113525392,
      2.3023952412605286,
      2.3023953104019164,
      2.302395339012146,
      2.3023953580856324,
      2.302395377159119,
      2.302395350933075,
      2.302401795387268,
      2.3024056553840637
    ],
    "train_acc": [
      9.4296875,
      9.6875,
      9.59375,
      9.84375,
      10.0859375,
      10.2734375,
      10.3515625,
      10.3515625,
      10.3515625,
      10.3515625,
      10.3515625,
      10.3515625,
      10.3515625,
      10.3515625,
      10.3515625,
      10.3515625,
      10.3515625,
      10.3515625,
      10.3515625,
      10.3515625,
      10.3515625,
      10.3515625,
      10.3515625,
      10.3515625,
      10.3515625,
      10.3515625,
      10.3515625,
      10.3515625,
      10.3515625,
      10.3515625,
      10.3515625,
      10.3515625,
      10.3515625,
      10.3515625,
      10.3515625,
      10.3515625,
      10.3515625,
      10.3515625,
      10.3515625,
      10.3515625,
      10.3515625,
      10.3515625,
      10.3515625,
      10.3515625,
      10.3515625,
      10.3515625,
      10.3515625,
      10.3515625,
      10.3515625,
      10.3515625,
      10.3515625,
      10.3515625,
      10.3515625,
      10.3515625,
      10.3515625,
      10.3515625,
      10.3515625,
      10.3515625,
      10.3515625,
      10.3515625,
      10.3515625,
      10.3515625,
      10.3515625,
      10.3515625,
      10.3515625,
      10.3515625,
      10.3515625,
      10.3515625,
      10.3515625,
      10.3515625,
      10.3515625,
      10.3515625,
      10.3515625,
      10.3515625,
      10.3515625,
      10.3515625,
      10.3515625,
      10.3515625,
      10.3515625,
      10.3515625,
      10.3515625,
      10.3515625,
      10.3515625,
      10.3515625,
      10.3515625,
      10.3515625,
      10.3515625,
      10.3515625,
      10.3515625,
      10.3515625,
      10.3515625,
      10.3515625,
      10.3515625,
      10.3515625,
      10.3515625,
      10.3515625,
      10.3515625,
      10.3515625,
      10.3515625,
      10.3515625
    ],
    "test_loss": [
      2.3026736259460447,
      2.3026591753959655,
      2.302637372016907,
      2.302616844177246,
      2.302608869075775,
      2.302593193054199,
      2.3025853133201597,
      2.3025778126716614,
      2.302570807933807,
      2.302564871311188,
      2.302559583187103,
      2.302554488182068,
      2.302550675868988,
      2.302547109127045,
      2.3025437664985655,
      2.302569422721863,
      2.3025317096710207,
      2.3025325679779054,
      2.3025320625305175,
      2.302530999183655,
      2.302529261112213,
      2.30252779006958,
      2.3025266551971435,
      2.302525064945221,
      2.302524106502533,
      2.302523195743561,
      2.3025224828720092,
      2.3025213432312013,
      2.3025218057632446,
      2.302521708011627,
      2.3025215339660643,
      2.3025219368934633,
      2.3025221610069275,
      2.3025225019454956,
      2.3025228571891785,
      2.3025233268737795,
      2.30253454208374,
      2.3025221705436705,
      2.3025235080718995,
      2.302535066604614,
      2.302522909641266,
      2.3025244855880738,
      2.3025255393981934,
      2.3025264644622805,
      2.3025270390510557,
      2.3025275087356567,
      2.3025282049179077,
      2.3025286960601807,
      2.3025290966033936,
      2.302529549598694,
      2.3025300168991087,
      2.302530274391174,
      2.302530686855316,
      2.302557182312012,
      2.3025277352333067,
      2.302528810501099,
      2.302530436515808,
      2.302531034946442,
      2.3025318145751954,
      2.3025316166877747,
      2.3025319933891297,
      2.302561037540436,
      2.302528593540192,
      2.3025297355651855,
      2.302530686855316,
      2.3025336623191834,
      2.302531418800354,
      2.302531020641327,
      2.302556962966919,
      2.302528963088989,
      2.3025301933288573,
      2.3025309920310972,
      2.3025315475463866,
      2.3025316762924195,
      2.3025320553779602,
      2.302533004283905,
      2.3025335383415224,
      2.3025316739082338,
      2.302546799182892,
      2.302529990673065,
      2.302547197341919,
      2.3025293707847596,
      2.3025315523147585,
      2.3025305676460266,
      2.302531304359436,
      2.3025653314590455,
      2.3025270104408264,
      2.3025290513038636,
      2.3025297951698303,
      2.302531244754791,
      2.3025341844558715,
      2.3025316739082338,
      2.3025318026542663,
      2.3025323128700257,
      2.3025326132774353,
      2.3025325870513917,
      2.302532799243927,
      2.3025329899787903,
      2.3025535202026366,
      2.302535202503204
    ],