{
  "config": {
    "run_name": "exp1_1_L8_K64",
    "out_dir": "./results",
    "seed": 190802193,
    "device": null,
    "bs_train": 128,
    "bs_test": 32,
    "batches": 100,
    "epochs": 100,
    "early_stopping": 3,
    "checkpoints": null,
    "lr": 0.001,
    "reg": 0.001,
    "filters_per_layer": [
      64
    ],
    "pool_every": 2,
    "hidden_dims": [
      100
    ],
    "model_type": "cnn",
    "kw": {},
    "layers_per_block": 8
  },
  "results": {
    "num_epochs": 0,
    "train_loss": [
      2.303345046043396,
      2.3028012776374815,
      2.3026917147636414,
      2.3026369786262513,
      2.3026006031036377,
      2.302581858634949,
      2.3025623416900634,
      2.3025479078292848,
      2.3025368094444274,
      2.302527332305908,
      2.302519099712372,
      2.302511742115021,
      2.3025051236152647,
      2.3024987173080445,
      2.3024933171272277,
      2.30249121427536,
      2.302481861114502,
      2.3024761986732485,
      2.30247092962265,
      2.302465753555298,
      2.3024607038497926,
      2.302455732822418,
      2.3024513721466064,
      2.302446084022522,
      2.3024427580833433,
      2.3024369788169863,
      2.3024382543563844,
      2.302437345981598,
      2.3024242162704467,
      2.3024198698997496,
      2.302416522502899,
      2.3024133229255677,
      2.3024103307723998,
      2.302407684326172,
      2.302405393123627,
      2.3024034547805785,
      2.302403588294983,
      2.302402238845825,
      2.302399139404297,
      2.3024037528038024,
      2.3024039173126223,
      2.30239773273468,
      2.3024006843566895,
      2.302395956516266,
      2.3023957061767577,
      2.3023955726623537,
      2.3023956203460694,
      2.302396602630615,
      2.3023954367637636,
      2.3023967218399046,
      2.302396008968353,
      2.302397379875183,
      2.302395462989807,
      2.302395377159119,
      2.302399306297302,
      2.3023954820632935,
      2.302395827770233,
      2.3023954033851624,
      2.302395465373993,
      2.3023966765403747,
      2.3023953938484194,
      2.3023953866958617,
      2.3023953866958617,
      2.302395486831665,
      2.302396321296692,
      2.3023978686332702,
      2.3023954582214357,
      2.3023963022232055,
      2.30240802526474,
      2.302398660182953,
      2.3024012660980224,
      2.302399318218231,
      2.30240042924881,
      2.3023953938484194,
      2.302395532131195,
      2.3023963022232055,
      2.3023961901664736,
      2.3023952865600585,
      2.302395327091217,
      2.3023954677581786,
      2.3024031209945677,
      2.3023971486091614,
      2.302395248413086,
      2.3023966765403747,
      2.302396535873413,
      2.302395360469818,
      2.302395420074463,
      2.3023960638046264,
      2.3023955059051513,
      2.302397472858429,
      2.302395420074463,
      2.3024020290374754,
      2.3024006628990175,
      2.3023952221870423,
      2.302396056652069,
      2.302403223514557,
      2.302395498752594,
      2.3023952507972716,
      2.3023953437805176,
      2.3023953819274903
    ],
    "train_acc": [
      9.9140625,
      9.828125,
      9.828125,
      9.765625,
      10.0703125,
      10.03125,
      9.7578125,
      9.7265625,
      9.9453125,
      10.046875,
      10.09375,
      10.09375,
      10.09375,
      10.1015625,
      10.1484375,
      10.1328125,
      10.1484375,
      10.15625,
      10.15625,
      10.171875,
      10.1640625,
      10.1640625,
      10.203125,
      10.3515625,
      10.3515625,
      10.3515625,
      10.203125,
      10.2734375,
      10.3515625,
      10.3515625,
      10.3515625,
      10.3515625,
      10.3515625,
      10.3515625,
      10.3515625,
      10.3515625,
      10.3515625,
      10.3515625,
      10.3515625,
      10.3515625,
      10.3515625,
      10.3515625,
      10.3515625,
      10.3515625,
      10.3515625,
      10.3515625,
      10.3515625,
      10.3515625,
      10.3515625,
      10.3515625,
      10.3515625,
      10.3515625,
      10.3515625,
      10.3515625,
      10.3515625,
      10.3515625,
      10.3515625,
      10.3515625,
      10.3515625,
      10.3515625,
      10.3515625,
      10.3515625,
      10.3515625,
      10.3515625,
      10.3515625,
      10.3515625,
      10.3515625,
      10.3515625,
      10.3515625,
      10.3515625,
      10.3515625,
      10.3515625,
      10.3515625,
      10.3515625,
      10.3515625,
      10.3515625,
      10.3515625,
      10.3515625,
      10.3515625,
      10.3515625,
      10.3515625,
      10.3515625,
      10.3515625,
      10.3515625,
      10.3515625,
      10.3515625,
      10.3515625,
      10.3515625,
      10.3515625,
      10.3515625,
      10.3515625,
      10.3515625,
      10.3515625,
      10.3515625,
      10.3515625,
      10.3515625,
      10.3515625,
      10.3515625,
      10.3515625,
      10.3515625
    ],
    "test_loss": [
      2.3028340435028074,
      2.3026798367500305,
      2.3026225566864014,
      2.3025952649116515,
      2.3025858092308042,
      2.3025723028182985,
      2.3025658202171324,
      2.3025609946250913,
      2.302557284832001,
      2.302553856372833,
      2.302551188468933,
      2.302548339366913,
      2.3025455021858217,
      2.3025428080558776,
      2.302539658546448,
      2.302539050579071,
      2.302536780834198,
      2.3025345516204836,
      2.302532267570496,
      2.3025305533409117,
      2.302528967857361,
      2.3025269627571108,
      2.302525804042816,
      2.3025246620178224,
      2.302523696422577,
      2.3025224232673644,
      2.302540645599365,
      2.3025257921218873,
      2.302517626285553,
      2.302518825531006,
      2.302519540786743,
      2.302519898414612,
      2.3025209641456605,
      2.3025217628479004,
      2.3025223064422606,
      2.302523171901703,
      2.3025239539146423,
      2.3025256109237673,
      2.3025265192985533,
      2.302537019252777,
      2.3025363373756407,
      2.3025262117385865,
      2.302529652118683,
      2.3025286746025087,
      2.302529754638672,
      2.302530300617218,
      2.3025311732292177,
      2.3025314378738404,
      2.3025313305854795,
      2.3025321984291076,
      2.3025322222709654,
      2.302532572746277,
      2.302532846927643,
      2.3025325202941893,
      2.3025322437286375,
      2.302532362937927,
      2.3025321435928343,
      2.302532920837402,
      2.302532224655151,
      2.3025329899787903,
      2.302532846927643,
      2.3025326418876646,
      2.302532985210419,
      2.302532584667206,
      2.3025329542160033,
      2.3025331616401674,
      2.3025326490402223,
      2.302532722949982,
      2.302555673122406,
      2.3025295305252076,
      2.3025455927848815,
      2.3025290846824644,
      2.3025363636016847,
      2.3025303959846495,
      2.3025304007530214,
      2.30253119468689,
      2.30253228187561,
      2.302532217502594,
      2.3025327348709106,
      2.3025320839881895,
      2.302544493675232,
      2.3025311422348023,
      2.3025313329696657,
      2.302531681060791,
      2.3025325322151184,
      2.3025325894355775,
      2.302532584667206,
      2.302532961368561,
      2.3025326681137086,
      2.3025328063964845,
      2.302532970905304,
      2.302557277679443,
      2.3025291538238526,
      2.3025299406051634,
      2.3025312423706055,
      2.3025320744514466,
      2.302531750202179,
      2.3025324082374574,
      2.302532374858856,
      2.3025327372550963
    ],