{
  "config": {
    "run_name": "exp1_4",
    "out_dir": "./results",
    "seed": 1460298114,
    "device": null,
    "bs_train": 128,
    "bs_test": 32,
    "batches": 100,
    "epochs": 100,
    "early_stopping": 10,
    "checkpoints": null,
    "lr": 0.001,
    "reg": 0.001,
    "filters_per_layer": [
      32
    ],
    "pool_every": 4,
    "hidden_dims": [
      100
    ],
    "model_type": "resnet",
    "kw": {},
    "layers_per_block": 8
  },
  "results": {
    "num_epochs": 0,
    "train_loss": [
      1.837781972885132,
      1.4283686447143555,
      1.2626197385787963,
      1.1312662661075592,
      1.0273143208026887,
      0.9422514140605927,
      0.8595847833156586,
      0.7991456788778305,
      0.7372635537385941,
      0.6796510171890259,
      0.6324572196602821,
      0.5791763877868652,
      0.5335314521193504,
      0.5001839527487755,
      0.47930920869112015,
      0.4297246068716049,
      0.40624079674482344,
      0.3793940219283104,
      0.37368121564388274,
      0.366995313167572,
      0.34266564160585405,
      0.30730712100863455,
      0.28264301881194115,
      0.2704251365363598,
      0.23920602351427078,
      0.24138872042298318,
      0.227990752607584
    ],
    "train_acc": [
      31.8359375,
      48.125,
      54.8828125,
      59.890625,
      63.1640625,
      66.3203125,
      69.234375,
      71.3828125,
      74.03125,
      76.109375,
      77.8828125,
      79.5546875,
      81.15625,
      82.6796875,
      82.9296875,
      84.8125,
      85.5546875,
      86.609375,
      86.625,
      87.1484375,
      87.9296875,
      89.1484375,
      90.1171875,
      90.265625,
      91.5625,
      91.65625,
      92.09375
    ],
    "test_loss": [
      1.5542479407787324,
      1.3354521840810776,
      1.235987343788147,
      1.192634117603302,
      1.1831121557950974,
      1.2271950739622115,
      1.2374807435274124,
      1.0646280819177627,
      1.0906994473934173,
      1.1500349366664886,
      1.1171161484718324,
      1.1796606290340423,
      1.1804517698287964,
      1.2540946120023728,
      1.2381309682130814,
      1.2042776757478715,
      1.255080979168415,
      1.3067785021662712,
      1.444577065706253,
      1.5218084383010864,
      1.538730469942093,
      1.4912659776210786,
      1.52614369392395,
      1.5863963752985,
      1.6327030104398728,
      1.698863040804863,
      1.7219009900093079
    ],
    "test_acc": [
      42.875,
      51.65625,
      56.15625,
      58.0625,
      59.0625,
      58.90625,
      59.375,
      63.40625,
      63.84375,
      62.0625,
      64.84375,
      64.1875,
      64.875,
      64.53125,
      65.4375,
      66.3125,
      64.40625,
      64.1875,
      63.375,
      62.625,
      63.5,
      64.46875,
      64.59375,
      64.09375,
      64.09375,
      63.5625,
      62.46875
    ]
  }
}