{
  "config": {
    "run_name": "exp1_4",
    "out_dir": "./results",
    "seed": 469082171,
    "device": null,
    "bs_train": 128,
    "bs_test": 32,
    "batches": 100,
    "epochs": 100,
    "early_stopping": 10,
    "checkpoints": null,
    "lr": 0.001,
    "reg": 0.001,
    "filters_per_layer": [
      64,
      128,
      256
    ],
    "pool_every": 8,
    "hidden_dims": [
      100
    ],
    "model_type": "cnn",
    "kw": {},
    "layers_per_block": 8
  },
  "results": {
    "num_epochs": 0,
    "train_loss": [
      2.303424117565155,
      2.3028371858596803,
      2.3026923871040346,
      2.3026119804382326,
      2.3025633120536804,
      2.3025266981124877,
      2.302492163181305,
      2.302473073005676,
      2.302461180686951,
      2.302460708618164,
      2.302455129623413,
      2.3024526476860045
    ],
    "train_acc": [
      10.1484375,
      10.265625,
      10.1796875,
      10.1484375,
      10.3203125,
      10.3515625,
      10.3515625,
      10.3515625,
      10.3515625,
      10.3515625,
      10.3515625,
      10.3515625
    ],
    "test_loss": [
      2.30358274936676,
      2.303339304924011,
      2.303125720024109,
      2.3029631924629212,
      2.3028764009475706,
      2.3028009963035583,
      2.302717127799988,
      2.302679491043091,
      2.3026585817337035,
      2.302648482322693,
      2.3026335573196413,
      2.3026331758499143
    ],
    "test_acc": [
      10.125,
      10.125,
      10.125,
      10.125,
      10.125,
      10.125,
      10.125,
      10.125,
      10.125,
      10.125,
      10.125,
      10.125
    ]
  }
}