{
  "config": {
    "run_name": "exp1_1",
    "out_dir": "./results",
    "seed": 722651014,
    "device": null,
    "bs_train": 128,
    "bs_test": 32,
    "batches": 100,
    "epochs": 100,
    "early_stopping": 10,
    "checkpoints": null,
    "lr": 0.001,
    "reg": 0.001,
    "filters_per_layer": [
      64
    ],
    "pool_every": 2,
    "hidden_dims": [
      100
    ],
    "model_type": "cnn",
    "kw": {},
    "layers_per_block": 8
  },
  "results": {
    "num_epochs": 0,
    "train_loss": [
      2.3034806728363035,
      2.3028020739555357,
      2.302698247432709,
      2.3026380920410157,
      2.3026075959205627,
      2.3025814509391784,
      2.302563371658325,
      2.3025502872467043,
      2.302539360523224,
      2.3025305795669557,
      2.3025231671333315,
      2.302516782283783,
      2.3025111079216005,
      2.3025059652328492
    ],
    "train_acc": [
      9.6953125,
      9.8125,
      10.0,
      9.875,
      10.171875,
      10.1015625,
      9.9765625,
      10.1640625,
      10.1796875,
      10.1484375,
      10.1484375,
      10.1484375,
      10.171875,
      10.2109375
    ],
    "test_loss": [
      2.3027882266044615,
      2.3027022814750673,
      2.3026188158988954,
      2.3026012206077575,
      2.302579193115234,
      2.3025681447982786,
      2.3025614762306215,
      2.302556357383728,
      2.30255243062973,
      2.302549133300781,
      2.3025464105606077,
      2.3025439953804017,
      2.302541506290436,
      2.3025397944450376
    ],
    "test_acc": [
      9.84375,
      9.84375,
      10.5,
      10.5,
      10.125,
      10.125,
      10.125,
      10.125,
      10.125,
      10.125,
      10.125,
      10.125,
      10.125,
      10.125
    ]
  }
}