{
  "config": {
    "run_name": "exp1_1",
    "out_dir": "./results",
    "seed": 2118567728,
    "device": null,
    "bs_train": 128,
    "bs_test": 32,
    "batches": 100,
    "epochs": 100,
    "early_stopping": 10,
    "checkpoints": null,
    "lr": 0.001,
    "reg": 0.001,
    "filters_per_layer": [
      64
    ],
    "pool_every": 4,
    "hidden_dims": [
      100
    ],
    "model_type": "cnn",
    "kw": {},
    "layers_per_block": 16
  },
  "results": {
    "num_epochs": 0,
    "train_loss": [
      2.3033170962333678,
      2.302761645317078,
      2.3026701378822327,
      2.3026155257225036,
      2.3025812983512877,
      2.3025578904151915,
      2.3025385904312134,
      2.3025247693061828,
      2.302513473033905,
      2.302504417896271,
      2.3024974393844606,
      2.3024898052215574
    ],
    "train_acc": [
      9.7109375,
      9.7890625,
      9.8828125,
      9.796875,
      9.7109375,
      9.75,
      9.8671875,
      9.90625,
      9.890625,
      9.8515625,
      9.9296875,
      10.125
    ],
    "test_loss": [
      2.302563495635986,
      2.3025677967071534,
      2.30255087852478,
      2.302539269924164,
      2.3025275325775145,
      2.3025246715545653,
      2.3025210332870483,
      2.3025182723999023,
      2.302515742778778,
      2.3025135350227357,
      2.3025122809410097,
      2.3025102329254152
    ],
    "test_acc": [
      10.5,
      10.5,
      10.5,
      10.5,
      10.125,
      10.125,
      10.125,
      10.125,
      10.125,
      10.125,
      10.125,
      10.125
    ]
  }
}