{
  "config": {
    "run_name": "exp1_1_L4_K64",
    "out_dir": "./results",
    "seed": 1209924323,
    "device": null,
    "bs_train": 128,
    "bs_test": 32,
    "batches": 100,
    "epochs": 100,
    "early_stopping": 3,
    "checkpoints": null,
    "lr": 0.001,
    "reg": 0.001,
    "filters_per_layer": [
      64
    ],
    "pool_every": 2,
    "hidden_dims": [
      100
    ],
    "model_type": "cnn",
    "kw": {},
    "layers_per_block": 4
  },
  "results": {
    "num_epochs": 0,
    "train_loss": [
      2.035664794445038,
      1.6880539965629577,
      1.5211690056324005,
      1.4127820193767548,
      1.3037595677375793,
      1.1991883981227875,
      1.1012823456525802,
      1.0371805214881897,
      0.9676456254720688,
      0.8994492274522782,
      0.8380100131034851,
      0.7692282778024674,
      0.6802905619144439,
      0.6258048740029335,
      0.5976286306977272,
      0.5480870121717453,
      0.5572826185822487,
      0.501855508685112,
      0.45386151105165484,
      0.41151977717876437,
      0.4013206924498081,
      0.3744103670120239,
      0.33711119800806044,
      0.26626755863428114,
      0.2403730882704258,
      0.27083794690668583,
      0.27053256750106813,
      0.20687331266701223,
      0.17543753251433372,
      0.17468269735574724,
      0.13880773346871136,
      0.16034484528005122,
      0.12910733036696911,
      0.12040862124413251,
      0.09117921717464923,
      0.08348731435835362,
      0.08446559529751539,
      0.09472830317914487,
      0.08178948991000652,
      0.08242583103477955,
      0.07681240893900394,
      0.08002265015617013,
      0.07433427507057785,
      0.0629507895745337,
      0.07219406738877296,
      0.06764928244054318,
      0.06378794172778726,
      0.060010973727330566,
      0.052352479044348005,
      0.053649103408679365,
      0.05150457520969212,
      0.06483793780207633,
      0.04789236082695424,
      0.047311898600310084,
      0.041556351576000454,
      0.05047959605231881,
      0.04439712256193161,
      0.05308750891126692,
      0.0544745690561831,
      0.053955509504303334,
      0.04729438580572605,
      0.05217456843703985,
      0.0617825511470437,
      0.06298922784626484,
      0.06615867294371128,
      0.04648365378379822,
      0.055722799710929395,
      0.06342144237831235,
      0.0601684842351824,
      0.07088625635951758,
      0.063307847622782,
      0.07291283713653683,
      0.06869688576087356,
      0.05115479483269155,
      0.04902720264159143,
      0.05234231611713767,
      0.04413383562117815,
      0.04970969439484179,
      0.055894622541964055,
      0.04852508153766394,
      0.042380314841866495,
      0.04069872507359833,
      0.03949477285146713,
      0.04959655042737723,
      0.052797561585903166,
      0.04913999950513244,
      0.052592176869511606,
      0.037767182243987917,
      0.03837705914862454,
      0.06093829171732068,
      0.06341625407338142,
      0.05045446132309735,
      0.04952076617628336,
      0.040430874205194416,
      0.049432678753510116,
      0.0547185090649873,
      0.05814567025285214,
      0.0466965695284307,
      0.05366397948935628,
      0.04976482000201941
    ],
    "train_acc": [
      24.859375,
      38.5625,
      44.3828125,
      48.6875,
      52.6328125,
      56.9140625,
      60.703125,
      63.03125,
      65.6953125,
      68.1328125,
      70.2421875,
      72.828125,
      76.1953125,
      77.5625,
      78.3984375,
      80.21875,
      79.78125,
      82.0,
      83.625,
      85.453125,
      85.359375,
      86.4140625,
      87.828125,
      90.4921875,
      91.5703125,
      90.203125,
      90.546875,
      92.6796875,
      93.9140625,
      94.078125,
      95.2109375,
      94.328125,
      95.609375,
      96.09375,
      97.0078125,
      97.3671875,
      97.1796875,
      96.8046875,
      97.1640625,
      97.4609375,
      97.59375,
      97.4296875,
      97.4609375,
      98.09375,
      97.625,
      97.6953125,
      97.8515625,
      98.015625,
      98.265625,
      98.359375,
      98.296875,
      97.9140625,
      98.484375,
      98.4296875,
      98.7578125,
      98.4453125,
      98.6953125,
      98.3828125,
      98.2265625,
      98.3828125,
      98.65625,
      98.4296875,
      98.0546875,
      97.9765625,
      97.828125,
      98.6328125,
      98.203125,
      98.1171875,
      98.1953125,
      97.8046875,
      98.0625,
      97.6640625,
      97.7421875,
      98.453125,
      98.4765625,
      98.3203125,
      98.5546875,
      98.375,
      98.390625,
      98.53125,
      98.6875,
      98.890625,
      98.796875,
      98.4765625,
      98.25,
      98.515625,
      98.3125,
      98.9140625,
      98.8828125,
      98.234375,
      98.0078125,
      98.3984375,
      98.5,
      98.7578125,
      98.421875,
      98.171875,
      98.15625,
      98.40625,
      98.2734375,
      98.515625
    ],
    "test_loss": [
      1.819518324136734,
      1.5641954052448273,
      1.4683422017097474,
      1.413829687833786,
      1.3519303047657012,
      1.2716804933547974,
      1.2685636377334595,
      1.3050644159317017,
      1.2912789630889892,
      1.2867402017116547,
      1.3249210703372956,
      1.420540333390236,
      1.5905716729164123,
      1.7225893771648406,
      1.7011206966638566,
      1.7321873915195465,
      1.6158101516962051,
      1.667729976773262,
      1.990969380736351,
      2.1583990979194643,
      2.1337940818071366,
      2.294767372608185,
      2.4836188888549806,
      2.523483644723892,
      2.7660553884506225,
      2.5320833575725556,
      2.6121979790925978,
      2.8127935016155243,
      3.027765638232231,
      2.877870300412178,
      2.959012515544891,
      2.9666899573802947,
      2.8668468952178956,
      3.0584592735767364,
      3.0793558526039124,
      3.1762688291072845,
      3.3719238197803496,
      3.5044200873374938,
      3.2076448404788973,
      3.5749686264991762,
      3.3681201827526093,
      3.362248684167862,
      3.325084761381149,
      3.3439734709262847,
      3.238148103952408,
      3.2740820729732514,
      3.249419284462929,
      3.357184702157974,
      3.2620630729198457,
      3.3279220521450044,
      3.346145805120468,
      3.4379438841342926,
      3.304452967047691,
      3.3243261647224425,
      3.4271635574102404,
      3.3536545598506926,
      3.438810305595398,
      3.3533819353580476,
      3.276274082660675,
      3.2811325180530546,
      3.213897918462753,
      3.2862579441070556,
      3.2711221158504484,
      3.529995346069336,
      3.1411551523208616,
      3.2581859266757967,
      3.121565146446228,
      3.116968539953232,
      3.1802907729148866,
      3.0658284771442412,
      3.305034623146057,
      3.427008991241455,
      3.295252046585083,
      3.495019110441208,
      3.4161950087547304,
      3.3281527864933014,
      3.3548819494247435,
      3.335594996213913,
      3.2533914220333098,
      3.1811133420467375,
      3.3007570946216584,
      3.3872412967681886,
      3.4333141124248505,
      3.3631157779693606,
      3.320399090051651,
      3.1913203155994414,
      3.227942715883255,
      3.4347642731666563,
      3.4124184966087343,
      3.184174597263336,
      3.239427320957184,
      3.241938990354538,
      3.3291436409950257,
      3.368696007728577,
      3.4118065702915192,
      3.2139275538921357,
      3.1947690629959107,
      3.2886149168014525,
      3.3556928741931915,
      3.1900751149654387
    ],