{
  "config": {
    "run_name": "exp1_1_L16_K64",
    "out_dir": "./results",
    "seed": 537970000,
    "device": null,
    "bs_train": 128,
    "bs_test": 32,
    "batches": 100,
    "epochs": 100,
    "early_stopping": 3,
    "checkpoints": null,
    "lr": 0.001,
    "reg": 0.001,
    "filters_per_layer": [
      64
    ],
    "pool_every": 4,
    "hidden_dims": [
      100
    ],
    "model_type": "cnn",
    "kw": {},
    "layers_per_block": 16
  },
  "results": {
    "num_epochs": 0,
    "train_loss": [
      2.303629784584045,
      2.3028174161911013,
      2.302710542678833,
      2.3026624059677125,
      2.3026182651519775,
      2.3025907492637634
    ],
    "train_acc": [
      9.7421875,
      10.0078125,
      10.0703125,
      10.078125,
      10.296875,
      10.21875
    ],
    "test_loss": [
      2.302435405254364,
      2.302528767585754,
      2.302565188407898,
      2.3025488662719726,
      2.302542653083801,
      2.3025400137901304
    ],
    "test_acc": [
      9.96875,
      10.5,
      10.125,
      10.125,
      10.125,
      10.125
    ]
  }
}