{
  "config": {
    "run_name": "exp1_1",
    "out_dir": "./results",
    "seed": 251372014,
    "device": null,
    "bs_train": 128,
    "bs_test": 32,
    "batches": 100,
    "epochs": 100,
    "early_stopping": 10,
    "checkpoints": null,
    "lr": 0.001,
    "reg": 0.001,
    "filters_per_layer": [
      32
    ],
    "pool_every": 2,
    "hidden_dims": [
      100
    ],
    "model_type": "cnn",
    "kw": {},
    "layers_per_block": 2
  },
  "results": {
    "num_epochs": 0,
    "train_loss": [
      1.8565413415431977,
      1.4628557324409486,
      1.3060691678524017,
      1.2166258573532105,
      1.1417983043193818,
      1.0736587035655976,
      1.0081616282463073,
      0.9397069841623307,
      0.8729460000991821,
      0.8145345139503479,
      0.7571762692928314,
      0.7035888805985451,
      0.6901327484846115,
      0.6397410252690315,
      0.5823518246412277,
      0.5428149658441543,
      0.5357527759671211,
      0.5064096724987031,
      0.46865987658500674,
      0.4297372618317604,
      0.38463240846991537,
      0.3759146524965763
    ],
    "train_acc": [
      32.1796875,
      47.5234375,
      53.6015625,
      57.125,
      59.8125,
      62.3359375,
      65.046875,
      67.484375,
      70.015625,
      72.1015625,
      74.359375,
      76.2109375,
      76.4375,
      77.765625,
      80.34375,
      81.3125,
      81.5546875,
      82.5703125,
      84.2265625,
      85.3984375,
      87.1953125,
      87.2734375
    ],
    "test_loss": [
      1.5802092814445496,
      1.4024876499176024,
      1.309618771672249,
      1.301919391155243,
      1.257374688386917,
      1.2357424330711364,
      1.2308024835586548,
      1.228729355931282,
      1.268888815641403,
      1.3015997803211212,
      1.269339798092842,
      1.3413979971408845,
      1.4496067225933076,
      1.575141612291336,
      1.486833838224411,
      1.430657977461815,
      1.4960543555021286,
      1.4393239569664003,
      1.5733296990394592,
      1.6351331424713136,
      1.5786852604150772,
      1.5828811353445054
    ],
    "test_acc": [
      43.59375,
      50.65625,
      52.84375,
      52.90625,
      55.46875,
      56.25,
      56.625,
      56.65625,
      56.4375,
      56.59375,
      57.8125,
      57.5625,
      54.5,
      52.8125,
      55.25,
      55.84375,
      56.0,
      56.90625,
      55.53125,
      54.28125,
      55.71875,
      56.125
    ]
  }
}