{
  "config": {
    "run_name": "exp1_1_L8_K32",
    "out_dir": "./results",
    "seed": 932005992,
    "device": null,
    "bs_train": 128,
    "bs_test": 32,
    "batches": 100,
    "epochs": 100,
    "early_stopping": 3,
    "checkpoints": null,
    "lr": 0.001,
    "reg": 0.001,
    "filters_per_layer": [
      32
    ],
    "pool_every": 2,
    "hidden_dims": [
      100
    ],
    "model_type": "cnn",
    "kw": {},
    "layers_per_block": 8
  },
  "results": {
    "num_epochs": 0,
    "train_loss": [
      2.3032987999916075,
      2.302772433757782,
      2.3026935863494873,
      2.302651054859161,
      2.3026197385787963,
      2.3026002049446106,
      2.3025786757469175,
      2.302562050819397,
      2.3025486302375793,
      2.3025398325920103,
      2.302526080608368,
      2.3025133228302,
      2.3025044322013857,
      2.3024963617324827,
      2.30248836517334,
      2.302481241226196,
      2.3024747824668883,
      2.3024728298187256,
      2.3024624967575074,
      2.302457151412964,
      2.3024566698074342,
      2.3024471187591553,
      2.302442626953125,
      2.302438373565674,
      2.302434356212616,
      2.302430603504181,
      2.302427077293396,
      2.3024237537384034,
      2.302420721054077,
      2.3024178409576415,
      2.3024151611328123,
      2.302413203716278,
      2.3024111700057985,
      2.302408804893494,
      2.30240647315979,
      2.302404761314392,
      2.302403304576874,
      2.3024023270606992,
      2.3024006032943727,
      2.30239976644516,
      2.302398681640625,
      2.302398338317871,
      2.302397384643555,
      2.3023968887329103,
      2.3024014234542847,
      2.302396340370178,
      2.3024024057388304,
      2.302395658493042,
      2.3024020099639895,
      2.3024067091941833,
      2.3023949384689333,
      2.3023951482772826,
      2.302396790981293,
      2.302395188808441,
      2.302395305633545,
      2.3023953151702883,
      2.3023953557014467,
      2.3023954892158507,
      2.302395589351654,
      2.302399137020111,
      2.3023954129219053,
      2.302395689487457,
      2.302395317554474,
      2.3023953580856324,
      2.3023953318595884,
      2.302395370006561,
      2.302395441532135,
      2.302395396232605,
      2.30239547252655,
      2.3023969507217408,
      2.302395341396332,
      2.302395360469818,
      2.3023954129219053,
      2.3023964095115663,
      2.3023954677581786,
      2.302396442890167,
      2.3023953580856324,
      2.302395465373993,
      2.302396311759949,
      2.3023966360092163,
      2.302397527694702,
      2.30240870475769,
      2.3024079513549807,
      2.3023948216438295,
      2.3023975133895873,
      2.3023991417884826,
      2.3023952627182007,
      2.302401928901672,
      2.30240021944046,
      2.302396023273468,
      2.302395970821381,
      2.3024057507514955,
      2.3023984622955322,
      2.3023950815200807,
      2.302395391464233,
      2.302402596473694,
      2.302396309375763,
      2.302395443916321,
      2.3023960041999816,
      2.302395372390747
    ],
    "train_acc": [
      9.7109375,
      9.640625,
      9.5859375,
      9.7890625,
      9.9296875,
      10.03125,
      10.109375,
      10.1640625,
      10.203125,
      10.171875,
      10.3515625,
      10.3515625,
      10.3515625,
      10.3515625,
      10.3515625,
      10.3515625,
      10.3515625,
      10.3515625,
      10.3515625,
      10.3515625,
      10.3515625,
      10.3515625,
      10.3515625,
      10.3515625,
      10.3515625,
      10.3515625,
      10.3515625,
      10.3515625,
      10.3515625,
      10.3515625,
      10.3515625,
      10.3515625,
      10.3515625,
      10.3515625,
      10.3515625,
      10.3515625,
      10.3515625,
      10.3515625,
      10.3515625,
      10.3515625,
      10.3515625,
      10.3515625,
      10.3515625,
      10.3515625,
      10.3515625,
      10.3515625,
      10.3515625,
      10.3515625,
      10.3515625,
      10.3515625,
      10.3515625,
      10.3515625,
      10.3515625,
      10.3515625,
      10.3515625,
      10.3515625,
      10.3515625,
      10.3515625,
      10.3515625,
      10.3515625,
      10.3515625,
      10.3515625,
      10.3515625,
      10.3515625,
      10.3515625,
      10.3515625,
      10.3515625,
      10.3515625,
      10.3515625,
      10.3515625,
      10.3515625,
      10.3515625,
      10.3515625,
      10.3515625,
      10.3515625,
      10.3515625,
      10.3515625,
      10.3515625,
      10.3515625,
      10.3515625,
      10.3515625,
      10.3515625,
      10.3515625,
      10.3515625,
      10.3515625,
      10.3515625,
      10.3515625,
      10.3515625,
      10.3515625,
      10.3515625,
      10.3515625,
      10.3515625,
      10.3515625,
      10.3515625,
      10.3515625,
      10.3515625,
      10.3515625,
      10.3515625,
      10.3515625,
      10.3515625
    ],
    "test_loss": [
      2.3026537346839904,
      2.3026465821266173,
      2.3026273441314697,
      2.302622618675232,
      2.3026057720184325,
      2.302596628665924,
      2.3025868487358094,
      2.3025788021087648,
      2.3025714445114134,
      2.3025782084465027,
      2.3025557351112367,
      2.3025529885292055,
      2.3025491404533387,
      2.3025464820861816,
      2.302543430328369,
      2.3025405740737916,
      2.3025382804870604,
      2.3025360560417174,
      2.3025342440605163,
      2.302533211708069,
      2.302534341812134,
      2.3025305390357973,
      2.3025294303894044,
      2.3025286960601807,
      2.3025286984443665,
      2.3025280261039733,
      2.302527756690979,
      2.302527434825897,
      2.302527165412903,
      2.302526550292969,
      2.3025268650054933,
      2.3025270223617555,
      2.302526853084564,
      2.302527153491974,
      2.302527062892914,
      2.3025275325775145,
      2.302527551651001,
      2.302528352737427,
      2.3025282335281374,
      2.3025291538238526,
      2.302529456615448,
      2.302529673576355,
      2.3025301909446716,
      2.302530462741852,
      2.3025313210487366,
      2.3025306558609007,
      2.3025349617004394,
      2.3025306344032286,
      2.302565546035767,
      2.3025268864631654,
      2.302528557777405,
      2.302529957294464,
      2.3025309252738952,
      2.302531890869141,
      2.302532284259796,
      2.302532093524933,
      2.3025320553779602,
      2.3025326490402223,
      2.302532751560211,
      2.3025323271751406,
      2.302532377243042,
      2.3025328063964845,
      2.302532658576965,
      2.302532644271851,
      2.3025327253341676,
      2.3025331497192383,
      2.3025329661369325,
      2.3025328087806702,
      2.302532114982605,
      2.3025330400466917,
      2.302532925605774,
      2.3025327372550963,
      2.3025328660011293,
      2.302532980442047,
      2.302532389163971,
      2.302532877922058,
      2.30253288269043,
      2.3025327634811403,
      2.3025325894355775,
      2.302532057762146,
      2.302533106803894,
      2.3025832104682924,
      2.3025251054763793,
      2.3025266981124877,
      2.302529513835907,
      2.3025303864479065,
      2.302531087398529,
      2.302553789615631,
      2.3025284576416016,
      2.3025298738479614,
      2.302530903816223,
      2.3025491762161256,
      2.302529346942902,
      2.3025301098823547,
      2.302530493736267,
      2.3025336027145387,
      2.302531726360321,
      2.302532079219818,
      2.3025322723388673,
      2.302532455921173
    ],