{
  "config": {
    "run_name": "exp1_2",
    "out_dir": "./results",
    "seed": 661760307,
    "device": null,
    "bs_train": 128,
    "bs_test": 32,
    "batches": 100,
    "epochs": 100,
    "early_stopping": 10,
    "checkpoints": null,
    "lr": 0.001,
    "reg": 0.001,
    "filters_per_layer": [
      64
    ],
    "pool_every": 2,
    "hidden_dims": [
      100
    ],
    "model_type": "cnn",
    "kw": {},
    "layers_per_block": 2
  },
  "results": {
    "num_epochs": 0,
    "train_loss": [
      1.8111816918849946,
      1.4218438565731049,
      1.2703563523292543,
      1.1560985308885574,
      1.0518488848209382,
      0.96967753469944,
      0.8776065963506698,
      0.7945115494728089,
      0.7268449926376342,
      0.6810982131958008,
      0.6306170868873596,
      0.5548797059059143,
      0.4922219502925873,
      0.4988373550772667,
      0.456949183344841,
      0.43561290740966796,
      0.37728680178523066,
      0.3188643644750118,
      0.28783231481909755
    ],
    "train_acc": [
      35.0859375,
      49.0078125,
      54.8984375,
      59.359375,
      63.9609375,
      66.2890625,
      69.703125,
      72.609375,
      75.21875,
      76.265625,
      78.5390625,
      81.15625,
      84.140625,
      83.296875,
      84.3515625,
      85.4296875,
      87.453125,
      90.0703125,
      90.6484375
    ],
    "test_loss": [
      1.5433920907974243,
      1.3712872421741487,
      1.2827332842350005,
      1.244165262579918,
      1.20210529088974,
      1.1794375479221344,
      1.197824934720993,
      1.188564944267273,
      1.2515520983934403,
      1.3027707874774932,
      1.3741023987531662,
      1.395014221072197,
      1.6736141222715377,
      1.8744084930419922,
      1.8366589951515198,
      1.746665540933609,
      1.6707175540924073,
      1.815187081694603,
      1.9178639405965805
    ],
    "test_acc": [
      45.0625,
      51.625,
      54.53125,
      56.53125,
      57.78125,
      58.625,
      58.65625,
      59.34375,
      58.8125,
      58.375,
      57.125,
      57.4375,
      54.125,
      52.84375,
      53.0625,
      55.15625,
      57.15625,
      56.09375,
      56.03125
    ]
  }
}