{
  "config": {
    "run_name": "exp1_4",
    "out_dir": "./results",
    "seed": 1431737821,
    "device": null,
    "bs_train": 128,
    "bs_test": 32,
    "batches": 100,
    "epochs": 100,
    "early_stopping": 10,
    "checkpoints": null,
    "lr": 0.001,
    "reg": 0.001,
    "filters_per_layer": [
      32
    ],
    "pool_every": 4,
    "hidden_dims": [
      100
    ],
    "model_type": "resnet",
    "kw": {},
    "layers_per_block": 16
  },
  "results": {
    "num_epochs": 0,
    "train_loss": [
      1.9891173684597014,
      1.5917221212387085,
      1.4149710094928742,
      1.2657254123687744,
      1.144342814683914,
      1.0448507338762283,
      0.9783447939157486,
      0.9106849557161332,
      0.8483945775032044,
      0.8003991675376892,
      0.7621196174621582,
      0.7188550516963005,
      0.678556544482708,
      0.6591273579001427,
      0.6157501238584518,
      0.575995953977108,
      0.5630388790369034,
      0.5377043017745018,
      0.5254030600190163,
      0.508402025103569,
      0.4732973304390907,
      0.46238665014505387,
      0.4404014790058136,
      0.4199885156750679,
      0.41776337236166,
      0.39729533702135084,
      0.38545113056898117,
      0.3804227654635906,
      0.354771853685379,
      0.3536290602385998,
      0.34633964106440546,
      0.3317139941453934,
      0.33650937274098397,
      0.3177133460342884
    ],
    "train_acc": [
      25.8046875,
      40.9921875,
      47.7109375,
      53.8359375,
      58.78125,
      62.78125,
      64.6796875,
      67.3984375,
      69.6484375,
      71.53125,
      73.09375,
      74.3828125,
      75.7421875,
      76.6328125,
      77.953125,
      79.53125,
      79.6953125,
      80.859375,
      81.2890625,
      82.1015625,
      83.1015625,
      83.484375,
      84.0703125,
      84.890625,
      85.15625,
      85.78125,
      86.1328125,
      86.421875,
      87.2109375,
      87.0078125,
      87.65625,
      87.984375,
      87.90625,
      88.5390625
    ],
    "test_loss": [
      1.7553929257392884,
      1.4617488396167755,
      1.3300285631418227,
      1.1624188101291657,
      1.0848389285802842,
      1.0678394430875777,
      1.052073877453804,
      0.9847650343179702,
      0.9621635234355926,
      0.9114999410510063,
      0.8558429971337318,
      0.9433515149354935,
      0.8848406314849854,
      0.9398002561926841,
      0.9888774216175079,
      0.9673647898435592,
      1.0019788426160812,
      0.9580131343007088,
      0.9598436331748963,
      0.933643139898777,
      1.0209391230344773,
      0.8994602209329605,
      0.874745645225048,
      1.012848753631115,
      1.044869141280651,
      0.9815046083927155,
      0.9840992918610573,
      1.01447208493948,
      0.9815057384967804,
      0.9808488902449608,
      0.9825025230646134,
      1.0833426961302757,
      1.102737213075161,
      1.0052472993731498
    ],
    "test_acc": [
      35.8125,
      48.4375,
      51.5,
      56.71875,
      61.09375,
      63.375,
      64.875,
      66.34375,
      67.09375,
      68.71875,
      70.3125,
      69.65625,
      70.0,
      70.1875,
      67.6875,
      69.84375,
      69.46875,
      70.1875,
      70.3125,
      71.6875,
      70.3125,
      71.90625,
      73.40625,
      71.125,
      70.15625,
      72.1875,
      71.5,
      72.375,
      71.46875,
      73.375,
      73.21875,
      71.5,
      71.3125,
      73.0625
    ]
  }
}