{
  "config": {
    "run_name": "exp1_4",
    "out_dir": "./results",
    "seed": 692296044,
    "device": null,
    "bs_train": 128,
    "bs_test": 32,
    "batches": 100,
    "epochs": 100,
    "early_stopping": 3,
    "checkpoints": null,
    "lr": 0.001,
    "reg": 0.001,
    "filters_per_layer": [
      32
    ],
    "pool_every": 4,
    "hidden_dims": [
      100
    ],
    "model_type": "resnet",
    "kw": {},
    "layers_per_block": 16
  },
  "results": {
    "num_epochs": 0,
    "train_loss": [
      1.9190064752101899,
      1.5977025032043457,
      1.4260290122032167,
      1.2863074457645416,
      1.1668383610248565,
      1.077019802927971,
      0.9966342061758041,
      0.9267435497045518,
      0.8760978484153747,
      0.8305347639322281,
      0.77581691801548,
      0.7282569605112076,
      0.699335731267929,
      0.6594729989767074,
      0.6335603088140488,
      0.6002562317252159,
      0.5796340501308441,
      0.5453264594078064,
      0.5318641725182534,
      0.4921573439240456
    ],
    "train_acc": [
      28.0546875,
      40.75,
      47.75,
      53.40625,
      58.2265625,
      61.421875,
      64.4296875,
      67.0,
      68.6796875,
      70.6015625,
      72.4140625,
      74.1796875,
      75.0390625,
      76.3203125,
      77.59375,
      78.8046875,
      79.375,
      80.4609375,
      81.21875,
      82.2734375
    ],
    "test_loss": [
      1.6813257133960724,
      1.511879744529724,
      1.3218343824148178,
      1.2150383329391479,
      1.1890571588277816,
      1.1418500488996506,
      1.0340097045898438,
      1.0973471873998641,
      0.9521645793318748,
      0.9897047063708305,
      0.9234481886029243,
      0.9170293736457825,
      0.9448594740033149,
      0.9453883773088455,
      0.9426212355494499,
      0.8871974775195122,
      1.031182023882866,
      0.9396415612101555,
      0.9549018064141274,
      0.9819571614265442
    ],
    "test_acc": [
      37.4375,
      44.8125,
      52.0,
      55.96875,
      58.3125,
      60.9375,
      63.875,
      62.84375,
      67.625,
      65.96875,
      69.0,
      69.96875,
      68.75,
      69.1875,
      69.5625,
      71.3125,
      69.125,
      71.0625,
      70.90625,
      70.53125
    ]
  }
}