{
  "config": {
    "run_name": "exp1_3",
    "out_dir": "./results",
    "seed": 1927297221,
    "device": null,
    "bs_train": 128,
    "bs_test": 32,
    "batches": 100,
    "epochs": 100,
    "early_stopping": 10,
    "checkpoints": null,
    "lr": 0.001,
    "reg": 0.001,
    "filters_per_layer": [
      64,
      128
    ],
    "pool_every": 2,
    "hidden_dims": [
      100
    ],
    "model_type": "cnn",
    "kw": {},
    "layers_per_block": 3
  },
  "results": {
    "num_epochs": 0,
    "train_loss": [
      2.1137853598594667,
      1.8209838378429413,
      1.6549286365509033,
      1.5469525349140167,
      1.443475888967514,
      1.3529004836082459,
      1.2651144909858703,
      1.1824073725938797,
      1.1181851547956467,
      1.052000055909157,
      0.9979365634918212,
      0.9547629487514496,
      0.8974951273202896,
      0.8370416605472565,
      0.781929395198822,
      0.7550973439216614,
      0.7303318816423416,
      0.6897953093051911,
      0.6768670201301574,
      0.6132081446051597,
      0.5418080508708953,
      0.4851007902622223,
      0.453240227997303,
      0.4598143172264099,
      0.4029662489891052,
      0.36396038889884946,
      0.3781704780459404
    ],
    "train_acc": [
      21.8671875,
      33.046875,
      39.140625,
      43.234375,
      47.25,
      50.7578125,
      54.03125,
      56.40625,
      59.15625,
      62.0546875,
      64.75,
      66.1953125,
      67.71875,
      70.5234375,
      72.578125,
      73.2421875,
      74.0625,
      75.3671875,
      75.9296875,
      77.8125,
      80.515625,
      82.6171875,
      83.75,
      83.4453125,
      85.3515625,
      86.9609375,
      86.71875
    ],
    "test_loss": [
      1.9294975113868713,
      1.756055120229721,
      1.6843162870407105,
      1.5789019417762757,
      1.5437708830833434,
      1.4099720132350921,
      1.374886047244072,
      1.2986288946866988,
      1.2225057524442673,
      1.198103301525116,
      1.2290670102834702,
      1.1958825689554216,
      1.3488760536909103,
      1.2962311899662018,
      1.2026994967460631,
      1.1985445481538772,
      1.2584636986255646,
      1.3760189938545226,
      1.3406658232212068,
      1.3847768741846085,
      1.428415092229843,
      1.4681866896152496,
      1.6544253528118134,
      1.5671120196580888,
      1.6442748767137527,
      1.9373119032382966,
      2.0158946621418
    ],
    "test_acc": [
      28.9375,
      35.0,
      37.84375,
      43.875,
      46.6875,
      50.75,
      52.15625,
      54.5,
      56.71875,
      57.40625,
      57.03125,
      58.21875,
      55.28125,
      56.84375,
      59.21875,
      60.71875,
      59.59375,
      56.40625,
      58.0,
      58.34375,
      57.0,
      57.59375,
      56.90625,
      58.125,
      57.15625,
      55.96875,
      55.5
    ]
  }
}