{
  "config": {
    "run_name": "exp1_4",
    "out_dir": "./results",
    "seed": 1982385218,
    "device": null,
    "bs_train": 128,
    "bs_test": 32,
    "batches": 100,
    "epochs": 100,
    "early_stopping": 10,
    "checkpoints": null,
    "lr": 0.001,
    "reg": 0.001,
    "filters_per_layer": [
      32
    ],
    "pool_every": 8,
    "hidden_dims": [
      100
    ],
    "model_type": "cnn",
    "kw": {},
    "layers_per_block": 32
  },
  "results": {
    "num_epochs": 0,
    "train_loss": [
      2.3035995507240297,
      2.3028283643722536,
      2.302742338180542,
      2.3026952385902404,
      2.3026543045043946,
      2.302629210948944,
      2.3026052284240723,
      2.302588782310486,
      2.302574865818024,
      2.302563123703003,
      2.302552828788757,
      2.302543754577637
    ],
    "train_acc": [
      9.5546875,
      9.8125,
      10.1796875,
      10.1484375,
      10.1484375,
      10.203125,
      10.21875,
      10.3515625,
      10.3515625,
      10.3515625,
      10.3515625,
      10.3515625
    ],
    "test_loss": [
      2.3026836943626403,
      2.3026680827140806,
      2.3026312971115113,
      2.3026188015937805,
      2.3026177430152894,
      2.302591543197632,
      2.30258535861969,
      2.302579267024994,
      2.3025735926628115,
      2.3025691604614256,
      2.3025646948814393,
      2.3025610041618347
    ],
    "test_acc": [
      10.125,
      10.125,
      10.125,
      10.125,
      10.125,
      10.125,
      10.125,
      10.125,
      10.125,
      10.125,
      10.125,
      10.125
    ]
  }
}