{
  "config": {
    "run_name": "exp1_2",
    "out_dir": "./results",
    "seed": 1257518824,
    "device": null,
    "bs_train": 128,
    "bs_test": 32,
    "batches": 100,
    "epochs": 100,
    "early_stopping": 10,
    "checkpoints": null,
    "lr": 0.001,
    "reg": 0.001,
    "filters_per_layer": [
      128
    ],
    "pool_every": 2,
    "hidden_dims": [
      100
    ],
    "model_type": "cnn",
    "kw": {},
    "layers_per_block": 8
  },
  "results": {
    "num_epochs": 0,
    "train_loss": [
      2.303441982269287,
      2.3027742886543274,
      2.3026569366455076,
      2.3025883054733276,
      2.302548530101776,
      2.302521891593933,
      2.302506628036499,
      2.302496168613434,
      2.3024882173538206,
      2.3024815034866335,
      2.3024757719039917,
      2.302470009326935,
      2.30246479511261,
      2.302459900379181,
      2.302455141544342,
      2.302450647354126
    ],
    "train_acc": [
      9.90625,
      10.125,
      10.0,
      9.7109375,
      10.0390625,
      9.9375,
      9.9609375,
      10.1484375,
      10.125,
      10.3515625,
      10.3515625,
      10.3515625,
      10.3515625,
      10.3515625,
      10.3515625,
      10.3515625
    ],
    "test_loss": [
      2.3027527594566344,
      2.3026507091522217,
      2.302607660293579,
      2.3025830602645874,
      2.3025703954696657,
      2.3025645661354064,
      2.302560715675354,
      2.302557849884033,
      2.3025554823875427,
      2.3025526142120363,
      2.3025502038002013,
      2.3025471687316896,
      2.302545311450958,
      2.3025429677963256,
      2.3025410652160643,
      2.3025389766693114
    ],
    "test_acc": [
      9.84375,
      9.84375,
      9.84375,
      9.84375,
      10.125,
      10.125,
      10.125,
      10.125,
      10.125,
      10.125,
      10.125,
      10.125,
      10.125,
      10.125,
      10.125,
      10.125
    ]
  }
}