{
  "config": {
    "run_name": "exp1_2",
    "out_dir": "./results",
    "seed": 1124070329,
    "device": null,
    "bs_train": 128,
    "bs_test": 32,
    "batches": 100,
    "epochs": 100,
    "early_stopping": 10,
    "checkpoints": null,
    "lr": 0.001,
    "reg": 0.001,
    "filters_per_layer": [
      128
    ],
    "pool_every": 2,
    "hidden_dims": [
      100
    ],
    "model_type": "cnn",
    "kw": {},
    "layers_per_block": 4
  },
  "results": {
    "num_epochs": 0,
    "train_loss": [
      2.029886475801468,
      1.666574273109436,
      1.473193919658661,
      1.3243068289756774,
      1.2111540746688843,
      1.1139353448152542,
      1.0213220739364623,
      0.9210117948055268,
      0.8372101163864136,
      0.7740819102525711,
      0.6936346238851547,
      0.6346822533011437,
      0.5579262480139733,
      0.5394939905405045,
      0.48304816603660583,
      0.44316527247428894,
      0.4058310116827488,
      0.34615950778126714,
      0.32409250929951666,
      0.28591731429100037,
      0.25511946573853495,
      0.23634885162115096,
      0.1905641906708479
    ],
    "train_acc": [
      24.640625,
      39.328125,
      46.15625,
      51.953125,
      56.0859375,
      59.9765625,
      63.8984375,
      67.2421875,
      70.8046875,
      73.25,
      75.75,
      77.609375,
      80.3203125,
      80.2890625,
      82.71875,
      84.1953125,
      85.65625,
      87.6328125,
      88.5546875,
      89.59375,
      90.890625,
      91.765625,
      93.5234375
    ],
    "test_loss": [
      1.8411594426631928,
      1.5760932195186614,
      1.3965067863464355,
      1.3292446917295455,
      1.2721104097366334,
      1.2067326229810715,
      1.2173230451345445,
      1.242858949303627,
      1.2985826224088668,
      1.3043648153543472,
      1.3539046782255173,
      1.377671051621437,
      1.669397581219673,
      1.6762024545669556,
      1.7382817131280899,
      1.8379729443788528,
      1.9746556788682939,
      2.039338344335556,
      2.303771879673004,
      2.154991171956062,
      2.0895285034179687,
      2.1160775810480117,
      2.343756316900253
    ],
    "test_acc": [
      35.0,
      43.59375,
      49.6875,
      52.96875,
      54.875,
      57.0625,
      57.375,
      57.625,
      56.59375,
      56.75,
      57.125,
      59.0625,
      54.1875,
      55.34375,
      55.1875,
      55.15625,
      53.625,
      54.03125,
      53.28125,
      56.25,
      55.96875,
      57.0625,
      56.34375
    ]
  }
}