{
  "config": {
    "run_name": "exp1_2",
    "out_dir": "./results",
    "seed": 1754423186,
    "device": null,
    "bs_train": 128,
    "bs_test": 32,
    "batches": 100,
    "epochs": 100,
    "early_stopping": 10,
    "checkpoints": null,
    "lr": 0.001,
    "reg": 0.001,
    "filters_per_layer": [
      32
    ],
    "pool_every": 2,
    "hidden_dims": [
      100
    ],
    "model_type": "cnn",
    "kw": {},
    "layers_per_block": 8
  },
  "results": {
    "num_epochs": 0,
    "train_loss": [
      2.303372526168823,
      2.3028208422660827,
      2.3027327847480774,
      2.3026825618743896,
      2.3026482367515566,
      2.3026208686828613,
      2.3025999236106873,
      2.3025829577445984,
      2.302568986415863,
      2.302557256221771,
      2.3025467467308043,
      2.302539391517639,
      2.3025290393829345,
      2.302521903514862,
      2.302515802383423
    ],
    "train_acc": [
      9.5625,
      9.890625,
      9.9609375,
      10.1171875,
      10.3515625,
      10.3515625,
      10.3515625,
      10.3515625,
      10.3515625,
      10.3515625,
      10.3515625,
      10.3515625,
      10.3515625,
      10.3515625,
      10.3515625
    ],
    "test_loss": [
      2.302810151576996,
      2.3027606558799745,
      2.302699000835419,
      2.302672233581543,
      2.3026518177986146,
      2.3026370120048525,
      2.3026238489151,
      2.3026145815849306,
      2.3026069617271423,
      2.302600166797638,
      2.3025945377349855,
      2.3025906109809875,
      2.3025859665870665,
      2.30258220911026,
      2.3025788855552674
    ],
    "test_acc": [
      9.84375,
      9.84375,
      9.84375,
      10.125,
      10.125,
      10.125,
      10.125,
      10.125,
      10.125,
      10.125,
      10.125,
      10.125,
      10.125,
      10.125,
      10.125
    ]
  }
}