{
  "config": {
    "run_name": "exp1_1",
    "out_dir": "./results",
    "seed": 1041470485,
    "device": null,
    "bs_train": 128,
    "bs_test": 32,
    "batches": 100,
    "epochs": 100,
    "early_stopping": 10,
    "checkpoints": null,
    "lr": 0.001,
    "reg": 0.001,
    "filters_per_layer": [
      32
    ],
    "pool_every": 2,
    "hidden_dims": [
      100
    ],
    "model_type": "cnn",
    "kw": {},
    "layers_per_block": 4
  },
  "results": {
    "num_epochs": 0,
    "train_loss": [
      2.091085032224655,
      1.778144679069519,
      1.5748097753524781,
      1.4645312356948852,
      1.363485071659088,
      1.2828644049167632,
      1.2104155564308166,
      1.1454177540540695,
      1.0811552011966705,
      1.0225101453065872,
      0.967228752374649,
      0.9176820749044419,
      0.8790247648954391,
      0.8438692176342011,
      0.7890868276357651,
      0.7359826898574829,
      0.7063166955113411,
      0.6740706384181976,
      0.6543029534816742,
      0.6389915040135383,
      0.5514452192187309,
      0.49602032512426375,
      0.5046180760860444,
      0.4709440368413925
    ],
    "train_acc": [
      23.1640625,
      34.625,
      42.7734375,
      46.734375,
      50.6640625,
      53.7109375,
      56.765625,
      58.8984375,
      61.234375,
      63.484375,
      65.5,
      67.390625,
      68.6015625,
      69.9453125,
      71.765625,
      73.7109375,
      74.7890625,
      76.15625,
      76.734375,
      77.2109375,
      80.3203125,
      82.40625,
      81.890625,
      83.15625
    ],
    "test_loss": [
      1.9159621226787567,
      1.7011141407489776,
      1.5138833951950073,
      1.4442533814907075,
      1.3958644431829452,
      1.3588751673698425,
      1.3306493091583251,
      1.2986773055791856,
      1.2888751113414765,
      1.283996868133545,
      1.291759384870529,
      1.2700413429737092,
      1.2510495036840439,
      1.2882018333673477,
      1.3896844512224198,
      1.5210321563482285,
      1.644463608264923,
      1.7008038914203645,
      1.7507380789518356,
      1.7276380759477616,
      1.708251937031746,
      1.7394679737091066,
      1.7136448752880096,
      1.7510020124912262
    ],
    "test_acc": [
      30.78125,
      39.375,
      45.65625,
      47.8125,
      50.15625,
      51.53125,
      53.78125,
      54.9375,
      55.59375,
      56.5,
      57.09375,
      57.46875,
      58.375,
      56.46875,
      55.34375,
      53.5,
      51.875,
      53.0625,
      52.3125,
      54.375,
      55.4375,
      54.25,
      55.3125,
      56.125
    ]
  }
}