{
  "config": {
    "run_name": "exp1_2",
    "out_dir": "./results",
    "seed": 1765267145,
    "device": null,
    "bs_train": 128,
    "bs_test": 32,
    "batches": 100,
    "epochs": 100,
    "early_stopping": 10,
    "checkpoints": null,
    "lr": 0.001,
    "reg": 0.001,
    "filters_per_layer": [
      32
    ],
    "pool_every": 2,
    "hidden_dims": [
      100
    ],
    "model_type": "cnn",
    "kw": {},
    "layers_per_block": 4
  },
  "results": {
    "num_epochs": 0,
    "train_loss": [
      2.0404348611831664,
      1.7125493609905242,
      1.571118986606598,
      1.4728742110729218,
      1.3756390070915223,
      1.2922822868824004,
      1.2319709968566894,
      1.1645046550035476,
      1.0984897035360337,
      1.0415701723098756,
      0.984551813006401,
      0.9388122999668121,
      0.9136542880535126,
      0.8758719229698181,
      0.8571933645009995,
      0.8296365243196487,
      0.7706247353553772,
      0.7089433294534683,
      0.6595271095633507,
      0.642825199663639,
      0.6050992688536644,
      0.535018427670002,
      0.5319430932402611
    ],
    "train_acc": [
      24.078125,
      37.84375,
      42.625,
      46.25,
      49.8828125,
      53.1640625,
      55.4140625,
      58.1015625,
      60.546875,
      62.796875,
      65.1796875,
      66.78125,
      67.921875,
      69.53125,
      69.5234375,
      70.71875,
      73.09375,
      75.3046875,
      77.0546875,
      77.0390625,
      78.5078125,
      81.109375,
      81.171875
    ],
    "test_loss": [
      1.8628115153312683,
      1.596344132423401,
      1.5092220222949981,
      1.4441566014289855,
      1.3694690489768981,
      1.3334103965759276,
      1.2828041177988052,
      1.2515794712305068,
      1.2162797272205352,
      1.2165188765525818,
      1.2190105253458023,
      1.226188886165619,
      1.2510825115442277,
      1.3147964566946029,
      1.265962176322937,
      1.3331312042474748,
      1.4055520915985107,
      1.4534997606277467,
      1.559517856836319,
      1.6615640485286713,
      1.5262929421663285,
      1.6524910396337509,
      1.5642361414432526
    ],
    "test_acc": [
      32.375,
      41.8125,
      45.5625,
      47.6875,
      51.4375,
      52.90625,
      54.71875,
      56.03125,
      57.0,
      56.78125,
      56.6875,
      57.03125,
      56.90625,
      55.8125,
      56.9375,
      56.28125,
      55.75,
      56.0625,
      54.9375,
      53.6875,
      56.3125,
      55.46875,
      56.71875
    ]
  }
}