{
  "config": {
    "run_name": "exp1_1_L2_K64",
    "out_dir": "./results",
    "seed": 2023473019,
    "device": null,
    "bs_train": 128,
    "bs_test": 32,
    "batches": 100,
    "epochs": 100,
    "early_stopping": 3,
    "checkpoints": null,
    "lr": 0.001,
    "reg": 0.001,
    "filters_per_layer": [
      64
    ],
    "pool_every": 2,
    "hidden_dims": [
      100
    ],
    "model_type": "cnn",
    "kw": {},
    "layers_per_block": 2
  },
  "results": {
    "num_epochs": 0,
    "train_loss": [
      1.891407321691513,
      1.4645507550239563,
      1.3020359086990356,
      1.1933859199285508,
      1.1123817312717437,
      1.0340705299377442,
      0.9704584211111069,
      0.9071795338392258,
      0.8456897449493408,
      0.7663087236881256,
      0.7198311609029769,
      0.6685488167405128,
      0.6247514647245407,
      0.5680726242065429,
      0.5178352120518684,
      0.42038486152887344,
      0.38854863613843915,
      0.3307026769220829,
      0.3335949970781803,
      0.3230510587990284,
      0.2803468649089336,
      0.2603051172196865,
      0.3028704933822155,
      0.25814901508390903,
      0.22901781506836413,
      0.2437644311785698,
      0.2619670263677836,
      0.24294214814901352,
      0.18108843997120858,
      0.1546146060526371,
      0.16415874913334846,
      0.1755843272805214,
      0.14090778082609176,
      0.12287610858678817,
      0.11419069934636354,
      0.11640755712985992,
      0.12214497506618499,
      0.12383212305605412,
      0.08071026157587767,
      0.07144226809963584,
      0.08284900393337011,
      0.08776199661195278,
      0.08248147044330835,
      0.07856240952387453,
      0.07099152103066445,
      0.07338206015527249,
      0.0776689688116312,
      0.0815377102047205,
      0.06395432583987713,
      0.06982948182150722,
      0.08733135603368282,
      0.10766686897724867,
      0.11723788693547249,
      0.13558318506926298,
      0.10956710945814847,
      0.07570880811661482,
      0.0699848241172731,
      0.05137424197979271,
      0.036102192513644694,
      0.02864286663942039,
      0.025834422414191066,
      0.02739482993260026,
      0.024646431719884277,
      0.02393615643493831,
      0.024108280250802635,
      0.03675840612500906,
      0.10889231624081731,
      0.17523367173969745,
      0.1202625596895814,
      0.0679044980648905,
      0.04187261487357318,
      0.030341946305707097,
      0.03149363229051232,
      0.030121979685500264,
      0.036304942639544605,
      0.04336272168904543,
      0.06004205372184515,
      0.075850495621562,
      0.07461709700524807,
      0.09488378938287496,
      0.08350855648517609,
      0.08788782494142651,
      0.0843354281783104,
      0.08269360020756722,
      0.08706525970250369,
      0.061624402217566966,
      0.04942707987502217,
      0.05443299693986774,
      0.03652230435982347,
      0.0260624647885561,
      0.02378255216870457,
      0.017224673894234002,
      0.014005378386937082,
      0.013493424793705345,
      0.011380007597617805,
      0.01563247598707676,
      0.011039491924457252,
      0.02322944804560393,
      0.22094347916543483,
      0.1802612966299057
    ],
    "train_acc": [
      31.4609375,
      47.1875,
      53.953125,
      58.15625,
      60.8125,
      64.0625,
      66.4140625,
      68.3671875,
      70.6328125,
      73.6640625,
      75.2109375,
      76.9375,
      78.4921875,
      80.59375,
      82.296875,
      86.7109375,
      87.6328125,
      89.5078125,
      89.5703125,
      89.375,
      91.0625,
      91.7578125,
      89.4921875,
      91.6796875,
      92.6953125,
      91.828125,
      91.1875,
      91.9609375,
      94.484375,
      95.796875,
      95.125,
      94.3828125,
      96.0,
      96.6015625,
      96.8984375,
      96.796875,
      96.5625,
      96.3515625,
      98.0,
      98.3515625,
      97.9296875,
      97.7421875,
      97.984375,
      97.9921875,
      98.4765625,
      98.2890625,
      97.96875,
      97.890625,
      98.4921875,
      98.2421875,
      97.640625,
      96.734375,
      96.3359375,
      95.71875,
      96.7109375,
      97.890625,
      98.1953125,
      98.8515625,
      99.359375,
      99.6171875,
      99.625,
      99.6171875,
      99.7578125,
      99.7734375,
      99.75,
      99.453125,
      96.6328125,
      94.2890625,
      96.40625,
      98.1875,
      99.1484375,
      99.484375,
      99.421875,
      99.546875,
      99.3671875,
      99.0546875,
      98.5,
      98.0234375,
      97.8203125,
      97.25,
      97.65625,
      97.3203125,
      97.4296875,
      97.3828125,
      97.3984375,
      98.3359375,
      98.8515625,
      98.6640625,
      99.203125,
      99.5625,
      99.6640625,
      99.8203125,
      99.859375,
      99.890625,
      99.953125,
      99.875,
      99.9921875,
      99.671875,
      92.765625,
      94.2890625
    ],
    "test_loss": [
      1.6099916505813598,
      1.4028730809688568,
      1.3180628949403763,
      1.28784552693367,
      1.2619288402795792,
      1.2493752712011337,
      1.2491899502277375,
      1.2703103893995285,
      1.2994146078824997,
      1.295472446680069,
      1.3378091251850128,
      1.3787860560417176,
      1.4625047647953033,
      1.4917922627925873,
      1.60567302942276,
      1.6159067529439926,
      1.6938077169656753,
      1.6770411431789398,
      1.7112435084581374,
      1.84086003780365,
      1.8859158366918565,
      2.1041335701942443,
      1.9430305182933807,
      2.1375774085521697,
      2.2754216849803925,
      1.9954995959997177,
      2.151483363509178,
      2.1958853787183763,
      2.231072072982788,
      2.0896110570430757,
      2.0870072531700132,
      2.1608689188957215,
      2.386079471707344,
      2.347853343486786,
      2.3003864312171936,
      2.3634302294254304,
      2.2721962666511537,
      2.2243904948234556,
      2.1901110470294953,
      2.3872913157939912,
      2.4631480556726455,
      2.6837350952625276,
      2.5003285896778107,
      2.4101758724451066,
      2.5068767684698106,
      2.6854282081127168,
      2.659685492515564,
      2.670933453440666,
      2.557077307701111,
      2.5924543941020968,
      2.6789710199832917,
      2.6964044898748396,
      2.4535658454895017,
      2.420588600039482,
      2.4156959640979765,
      2.4776424342393875,
      2.379745914936066,
      2.4652521032094956,
      2.457154741883278,
      2.549075150489807,
      2.5338557946681974,
      2.4796551883220674,
      2.4258938217163086,
      2.549582412838936,
      2.662518511414528,
      2.611477543115616,
      2.499251961708069,
      2.313096657991409,
      2.3447530645132066,
      2.470327150225639,
      2.614807906150818,
      2.5861111903190612,
      2.658389514684677,
      2.5889790272712707,
      2.5799026036262513,
      2.6444877326488494,
      2.5328983455896377,
      2.6769731962680816,
      2.6025591576099396,
      2.547804299592972,
      2.584441115260124,
      2.4444485861063003,
      2.59717151761055,
      2.598869696855545,
      2.8650250113010407,
      2.6106014388799665,
      2.613073831796646,
      2.5400901716947555,
      2.733504856824875,
      2.659098641872406,
      2.6577160924673082,
      2.6183408212661745,
      2.6954771101474764,
      2.585435663461685,
      2.558270788192749,
      2.527110542058945,
      2.4390830332040787,
      2.5444553118944166,
      2.220348035693169,
      2.340440493822098
    ],