{
  "config": {
    "run_name": "exp1_2",
    "out_dir": "./results",
    "seed": 1893736145,
    "device": null,
    "bs_train": 128,
    "bs_test": 32,
    "batches": 100,
    "epochs": 100,
    "early_stopping": 10,
    "checkpoints": null,
    "lr": 0.001,
    "reg": 0.001,
    "filters_per_layer": [
      128
    ],
    "pool_every": 2,
    "hidden_dims": [
      100
    ],
    "model_type": "cnn",
    "kw": {},
    "layers_per_block": 2
  },
  "results": {
    "num_epochs": 0,
    "train_loss": [
      1.9303835701942444,
      1.5375296807289123,
      1.3886718702316285,
      1.2838693809509278,
      1.207538924217224,
      1.148280525803566,
      1.0898207074403763,
      1.041047767996788,
      0.9962009876966477,
      0.9362617009878158,
      0.8730207663774491,
      0.8134147381782532,
      0.7737185603380203,
      0.752067216038704,
      0.7097100287675857,
      0.6477422052621842,
      0.5939792293310165,
      0.5274734911322594,
      0.5134661248326302
    ],
    "train_acc": [
      29.7734375,
      45.0078125,
      50.1171875,
      54.140625,
      57.3359375,
      60.015625,
      61.84375,
      63.7890625,
      65.40625,
      67.4296875,
      69.7421875,
      72.0390625,
      73.1875,
      73.765625,
      74.984375,
      77.3828125,
      79.6953125,
      82.078125,
      82.65625
    ],
    "test_loss": [
      1.6759800469875337,
      1.4745797908306122,
      1.3878892827033997,
      1.34750803232193,
      1.312670391201973,
      1.292653003334999,
      1.2817176467180251,
      1.2921956557035446,
      1.3295223450660705,
      1.317491038441658,
      1.3552404499053956,
      1.407406640648842,
      1.451710311770439,
      1.5159348571300506,
      1.5144478237628938,
      1.7979272997379303,
      1.6269641101360321,
      1.9240232241153716,
      1.87272594332695
    ],
    "test_acc": [
      40.71875,
      47.75,
      51.8125,
      52.375,
      53.8125,
      54.25,
      55.03125,
      55.34375,
      54.40625,
      55.1875,
      54.84375,
      54.375,
      54.03125,
      52.8125,
      52.875,
      48.0,
      52.3125,
      49.5,
      48.9375
    ]
  }
}