{
  "config": {
    "run_name": "exp1_1",
    "out_dir": "./results",
    "seed": 132038719,
    "device": null,
    "bs_train": 128,
    "bs_test": 32,
    "batches": 100,
    "epochs": 100,
    "early_stopping": 10,
    "checkpoints": null,
    "lr": 0.001,
    "reg": 0.001,
    "filters_per_layer": [
      32
    ],
    "pool_every": 4,
    "hidden_dims": [
      100
    ],
    "model_type": "cnn",
    "kw": {},
    "layers_per_block": 16
  },
  "results": {
    "num_epochs": 0,
    "train_loss": [
      2.3030093145370483,
      2.302694993019104,
      2.3026364636421204,
      2.3025993371009825,
      2.3025727248191834,
      2.302551362514496,
      2.3025329947471618,
      2.3025173687934877,
      2.3025076723098756,
      2.3024942016601564,
      2.3024803161621095,
      2.302470791339874
    ],
    "train_acc": [
      10.2109375,
      9.65625,
      9.6015625,
      9.921875,
      10.09375,
      10.25,
      10.2421875,
      10.2109375,
      10.2578125,
      10.3515625,
      10.3515625,
      10.3515625
    ],
    "test_loss": [
      2.3025540375709532,
      2.302589454650879,
      2.3025949096679685,
      2.3025878643989564,
      2.302577760219574,
      2.3025674700736998,
      2.3025585556030275,
      2.30255072593689,
      2.302551357746124,
      2.3025371503829954,
      2.3025338315963744,
      2.302530601024628
    ],
    "test_acc": [
      10.5,
      10.125,
      10.125,
      10.125,
      10.125,
      10.125,
      10.125,
      10.125,
      10.125,
      10.125,
      10.125,
      10.125
    ]
  }
}