{
  "config": {
    "run_name": "exp1_4",
    "out_dir": "./results",
    "seed": 2043682208,
    "device": null,
    "bs_train": 128,
    "bs_test": 32,
    "batches": 100,
    "epochs": 100,
    "early_stopping": 10,
    "checkpoints": null,
    "lr": 0.001,
    "reg": 0.001,
    "filters_per_layer": [
      64,
      128,
      256
    ],
    "pool_every": 8,
    "hidden_dims": [
      100
    ],
    "model_type": "cnn",
    "kw": {},
    "layers_per_block": 2
  },
  "results": {
    "num_epochs": 0,
    "train_loss": [
      2.08686439037323,
      1.8275080513954163,
      1.656224762201309,
      1.5260490095615387,
      1.4133508205413818,
      1.3037704837322235,
      1.1953799051046372,
      1.1185819894075393,
      1.0409305363893508,
      0.9729316926002503,
      0.9071345305442811,
      0.8155054730176926,
      0.7691556626558304,
      0.6807316374778748,
      0.5711611142754555,
      0.5207524207234383,
      0.4631469513475895,
      0.43239555731415746,
      0.42375540524721145
    ],
    "train_acc": [
      22.6875,
      33.765625,
      39.7578125,
      44.015625,
      48.2890625,
      52.2890625,
      56.3046875,
      59.46875,
      62.1328125,
      64.8671875,
      67.59375,
      70.9296875,
      72.9765625,
      75.8203125,
      79.53125,
      81.1953125,
      83.296875,
      84.7109375,
      85.359375
    ],
    "test_loss": [
      1.9504096162319184,
      1.7828261160850525,
      1.6255979466438293,
      1.5509172999858856,
      1.4817771208286286,
      1.4508462768793107,
      1.4668950068950652,
      1.364385262131691,
      1.4001012271642685,
      1.5237937289476395,
      1.6635345846414566,
      1.935910684466362,
      1.8488210302591324,
      2.066616586446762,
      2.1942820847034454,
      2.2777947306632997,
      2.6176435923576356,
      2.7453536939620973,
      2.780503203868866
    ],
    "test_acc": [
      31.4375,
      36.8125,
      42.15625,
      45.75,
      47.375,
      49.78125,
      49.5625,
      52.875,
      51.75,
      50.21875,
      49.0625,
      47.03125,
      45.625,
      47.5,
      47.5,
      47.03125,
      46.65625,
      44.84375,
      47.15625
    ]
  }
}