{
  "config": {
    "run_name": "exp1_2",
    "out_dir": "./results",
    "seed": 1109476673,
    "device": null,
    "bs_train": 128,
    "bs_test": 32,
    "batches": 100,
    "epochs": 100,
    "early_stopping": 10,
    "checkpoints": null,
    "lr": 0.001,
    "reg": 0.001,
    "filters_per_layer": [
      64
    ],
    "pool_every": 2,
    "hidden_dims": [
      100
    ],
    "model_type": "cnn",
    "kw": {},
    "layers_per_block": 4
  },
  "results": {
    "num_epochs": 0,
    "train_loss": [
      2.0310418248176574,
      1.7092000877857207,
      1.528392481803894,
      1.4077536380290985,
      1.2949950063228608,
      1.1934121131896973,
      1.1031625723838807,
      1.022818375825882,
      0.9615832263231278,
      0.8857158333063125,
      0.8287148636579513,
      0.7771842801570892,
      0.7171380788087844,
      0.6581327092647552,
      0.6247279989719391,
      0.6057158875465393,
      0.542932938337326,
      0.4919143921136856,
      0.4768522298336029,
      0.44577199190855027,
      0.40207592129707337,
      0.35792907536029817
    ],
    "train_acc": [
      25.1171875,
      37.96875,
      44.0625,
      49.0234375,
      53.4453125,
      57.8515625,
      61.0546875,
      63.8671875,
      66.4609375,
      69.03125,
      70.6796875,
      72.796875,
      74.65625,
      76.9296875,
      78.078125,
      77.9296875,
      80.9921875,
      82.046875,
      82.8984375,
      83.859375,
      85.5625,
      87.359375
    ],
    "test_loss": [
      1.8324916434288026,
      1.6485355603694916,
      1.4984283876419067,
      1.4051949626207352,
      1.3326968437433242,
      1.2830235993862151,
      1.2663132286071777,
      1.2662451446056366,
      1.2208261173963546,
      1.2103251647949218,
      1.2533087611198426,
      1.3450696605443955,
      1.3576527220010757,
      1.4522406601905822,
      1.5912332439422607,
      1.773637422323227,
      1.6546394199132919,
      1.7234688663482667,
      1.7142586636543273,
      1.6976279413700104,
      1.8038884383440017,
      1.8595208996534347
    ],
    "test_acc": [
      33.3125,
      39.9375,
      45.75,
      50.1875,
      53.25,
      54.1875,
      56.0625,
      55.75,
      56.875,
      57.625,
      58.0625,
      56.6875,
      57.3125,
      56.03125,
      52.71875,
      51.6875,
      54.5,
      54.5625,
      55.5,
      56.9375,
      56.96875,
      56.90625
    ]
  }
}