{
  "config": {
    "run_name": "exp1_4",
    "out_dir": "./results",
    "seed": 1431045245,
    "device": null,
    "bs_train": 128,
    "bs_test": 32,
    "batches": 100,
    "epochs": 100,
    "early_stopping": 10,
    "checkpoints": null,
    "lr": 0.001,
    "reg": 0.001,
    "filters_per_layer": [
      64,
      128,
      256
    ],
    "pool_every": 8,
    "hidden_dims": [
      100
    ],
    "model_type": "cnn",
    "kw": {},
    "layers_per_block": 4
  },
  "results": {
    "num_epochs": 0,
    "train_loss": [
      2.303746454715729,
      2.3027489590644836,
      2.3026539993286135,
      2.302553102970123,
      2.3024468421936035,
      2.3024663019180296,
      2.3024214720726013,
      2.3024189949035643,
      2.3024292182922363,
      2.3024130725860594,
      2.302411003112793,
      2.302408964633942
    ],
    "train_acc": [
      10.1796875,
      10.078125,
      10.0546875,
      10.3125,
      10.078125,
      10.3515625,
      10.3515625,
      10.3515625,
      10.3515625,
      10.3515625,
      10.3515625,
      10.3515625
    ],
    "test_loss": [
      2.3026450538635252,
      2.3025279736518858,
      2.302520382404327,
      2.3025132489204405,
      2.302458200454712,
      2.302520258426666,
      2.3025216364860537,
      2.3024838185310363,
      2.3025267243385317,
      2.3025260829925536,
      2.3025260853767393,
      2.302525780200958
    ],
    "test_acc": [
      10.46875,
      10.46875,
      10.46875,
      10.125,
      10.125,
      10.125,
      10.125,
      10.125,
      10.125,
      10.125,
      10.125,
      10.125
    ]
  }
}