{
  "config": {
    "run_name": "exp1_4",
    "out_dir": "./results",
    "seed": 2089690550,
    "device": null,
    "bs_train": 128,
    "bs_test": 32,
    "batches": 100,
    "epochs": 100,
    "early_stopping": 10,
    "checkpoints": null,
    "lr": 0.001,
    "reg": 0.001,
    "filters_per_layer": [
      64,
      128,
      256
    ],
    "pool_every": 8,
    "hidden_dims": [
      100
    ],
    "model_type": "resnet",
    "kw": {},
    "layers_per_block": 4
  },
  "results": {
    "num_epochs": 0,
    "train_loss": [
      2.156050137281418,
      1.794908789396286,
      1.624339679479599,
      1.5047917568683624,
      1.4094805145263671,
      1.3456298768520356,
      1.2522899448871612,
      1.1843493753671646,
      1.1050154709815978,
      1.0598203003406526,
      0.9880410963296891,
      0.9273419916629791,
      0.8877480679750442,
      0.8537348455190659,
      0.8261060595512391,
      0.8322123128175736,
      0.7691586500406266,
      0.7094096839427948,
      0.644947212934494
    ],
    "train_acc": [
      22.84375,
      33.6796875,
      40.828125,
      45.3515625,
      49.1015625,
      51.1171875,
      54.5,
      57.1640625,
      59.9609375,
      62.2109375,
      64.5546875,
      66.59375,
      68.015625,
      69.5625,
      70.3984375,
      70.1640625,
      72.1640625,
      74.1328125,
      76.9921875
    ],
    "test_loss": [
      1.9958679902553558,
      1.6935303759574891,
      1.6500088965892792,
      1.5043508338928222,
      1.4738802480697633,
      1.4848871767520904,
      1.4707383036613464,
      1.4855230778455735,
      1.5778225231170655,
      1.5615046977996827,
      1.6065878146886825,
      1.8448143184185029,
      1.896359760761261,
      1.899653615951538,
      1.974916125535965,
      1.9330319756269454,
      1.941092873811722,
      2.2155593001842497,
      2.340847989320755
    ],
    "test_acc": [
      26.4375,
      38.53125,
      41.8125,
      45.78125,
      47.4375,
      46.875,
      48.4375,
      48.78125,
      47.625,
      47.46875,
      47.875,
      45.78125,
      45.6875,
      47.8125,
      46.25,
      48.1875,
      47.65625,
      45.34375,
      47.25
    ]
  }
}