{
  "config": {
    "run_name": "exp1_3",
    "out_dir": "./results",
    "seed": 2033639070,
    "device": null,
    "bs_train": 128,
    "bs_test": 32,
    "batches": 100,
    "epochs": 100,
    "early_stopping": 10,
    "checkpoints": null,
    "lr": 0.001,
    "reg": 0.001,
    "filters_per_layer": [
      64,
      128
    ],
    "pool_every": 2,
    "hidden_dims": [
      100
    ],
    "model_type": "cnn",
    "kw": {},
    "layers_per_block": 4
  },
  "results": {
    "num_epochs": 0,
    "train_loss": [
      2.303413438796997,
      2.302735376358032,
      2.3026237511634826,
      2.3025669121742247,
      2.3025328493118287,
      2.302512156963348,
      2.302497067451477,
      2.302486584186554,
      2.302478563785553,
      2.302471442222595,
      2.3024655890464785,
      2.3024599719047547,
      2.3024550032615663,
      2.302451419830322,
      2.302446713447571,
      2.302442121505737
    ],
    "train_acc": [
      9.984375,
      9.5859375,
      9.6875,
      10.140625,
      10.25,
      10.3515625,
      10.3515625,
      10.3515625,
      10.3515625,
      10.3515625,
      10.3515625,
      10.3515625,
      10.3515625,
      10.3515625,
      10.3515625,
      10.3515625
    ],
    "test_loss": [
      2.302785096168518,
      2.3026461887359617,
      2.3025934147834777,
      2.3025709080696104,
      2.3025631856918336,
      2.3025571727752685,
      2.302553608417511,
      2.302550868988037,
      2.30254958152771,
      2.30254798412323,
      2.3025465202331543,
      2.302545440196991,
      2.3025442695617677,
      2.302543058395386,
      2.3025431513786314,
      2.3025425839424134
    ],
    "test_acc": [
      9.96875,
      9.84375,
      9.84375,
      9.84375,
      10.125,
      10.125,
      10.125,
      10.125,
      10.125,
      10.125,
      10.125,
      10.125,
      10.125,
      10.125,
      10.125,
      10.125
    ]
  }
}