{
  "config": {
    "run_name": "exp1_2",
    "out_dir": "./results",
    "seed": 1614655170,
    "device": null,
    "bs_train": 128,
    "bs_test": 32,
    "batches": 100,
    "epochs": 100,
    "early_stopping": 10,
    "checkpoints": null,
    "lr": 0.001,
    "reg": 0.001,
    "filters_per_layer": [
      32
    ],
    "pool_every": 2,
    "hidden_dims": [
      100
    ],
    "model_type": "cnn",
    "kw": {},
    "layers_per_block": 2
  },
  "results": {
    "num_epochs": 0,
    "train_loss": [
      1.9114363241195678,
      1.5215318167209626,
      1.3561683785915375,
      1.2537920200824737,
      1.1763621854782105,
      1.1117356806993484,
      1.0438861674070359,
      0.9746915465593338,
      0.9093964153528213,
      0.8451516461372376,
      0.7916042548418045,
      0.7501078313589096,
      0.7115466636419296,
      0.6600115990638733,
      0.5976740431785583,
      0.5570283609628678,
      0.5179566550254822,
      0.5037047910690308,
      0.5117890483140946,
      0.44802878886461256
    ],
    "train_acc": [
      30.7890625,
      45.328125,
      51.734375,
      55.8671875,
      58.578125,
      60.96875,
      63.3359375,
      66.109375,
      68.546875,
      71.0,
      72.7734375,
      73.84375,
      75.03125,
      77.6328125,
      79.6015625,
      81.3125,
      82.625,
      82.8828125,
      82.2734375,
      84.7890625
    ],
    "test_loss": [
      1.662926869392395,
      1.4562828850746155,
      1.372554521560669,
      1.3112517875432967,
      1.2645828676223756,
      1.2825925523042678,
      1.2593783938884735,
      1.253240350484848,
      1.251894006729126,
      1.2652770549058914,
      1.3219761180877685,
      1.4310788083076478,
      1.3787604242563247,
      1.379219519495964,
      1.392916904091835,
      1.465840448141098,
      1.6076428985595703,
      1.8227594572305679,
      1.887744022011757,
      1.666042259335518
    ],
    "test_acc": [
      41.375,
      47.96875,
      50.59375,
      53.4375,
      54.84375,
      54.5,
      56.03125,
      56.5,
      57.21875,
      57.15625,
      56.59375,
      54.375,
      56.28125,
      56.59375,
      56.1875,
      56.25,
      54.65625,
      53.40625,
      52.125,
      55.3125
    ]
  }
}