{
  "config": {
    "run_name": "exp1_2",
    "out_dir": "./results",
    "seed": 483075189,
    "device": null,
    "bs_train": 128,
    "bs_test": 32,
    "batches": 100,
    "epochs": 100,
    "early_stopping": 10,
    "checkpoints": null,
    "lr": 0.001,
    "reg": 0.001,
    "filters_per_layer": [
      64
    ],
    "pool_every": 2,
    "hidden_dims": [
      100
    ],
    "model_type": "cnn",
    "kw": {},
    "layers_per_block": 8
  },
  "results": {
    "num_epochs": 0,
    "train_loss": [
      2.3034276866912844,
      2.302785930633545,
      2.302691650390625,
      2.3026325917243957,
      2.302597279548645,
      2.302576060295105,
      2.3025558757781983,
      2.30254275560379,
      2.30253178358078,
      2.302523500919342,
      2.3025153779983523,
      2.302506141662598
    ],
    "train_acc": [
      9.546875,
      9.9140625,
      9.8515625,
      10.1875,
      10.171875,
      10.171875,
      10.21875,
      10.3515625,
      10.3515625,
      10.3515625,
      10.3515625,
      10.3515625
    ],
    "test_loss": [
      2.3024810576438903,
      2.302570548057556,
      2.3025529265403746,
      2.3025464606285095,
      2.3025435996055603,
      2.302540030479431,
      2.302538311481476,
      2.302535629272461,
      2.302532253265381,
      2.3025297212600706,
      2.302526469230652,
      2.3025235080718995
    ],
    "test_acc": [
      10.5,
      10.5,
      10.125,
      10.125,
      10.125,
      10.125,
      10.125,
      10.125,
      10.125,
      10.125,
      10.125,
      10.125
    ]
  }
}