{
  "config": {
    "run_name": "exp1_1_L4_K32",
    "out_dir": "./results",
    "seed": 1377756526,
    "device": null,
    "bs_train": 128,
    "bs_test": 32,
    "batches": 100,
    "epochs": 100,
    "early_stopping": 3,
    "checkpoints": null,
    "lr": 0.001,
    "reg": 0.001,
    "filters_per_layer": [
      32
    ],
    "pool_every": 2,
    "hidden_dims": [
      100
    ],
    "model_type": "cnn",
    "kw": {},
    "layers_per_block": 4
  },
  "results": {
    "num_epochs": 0,
    "train_loss": [
      2.073323760032654,
      1.7606372714042664,
      1.5613507723808289,
      1.4500958347320556,
      1.3603155708312988,
      1.2850017356872558,
      1.222305225133896,
      1.172691434621811,
      1.1066528850793838,
      1.0486197972297668,
      0.9923546069860458,
      0.9459540504217148,
      0.9108679616451263,
      0.8703352916240692,
      0.8118452507257462,
      0.7553976118564606,
      0.7207195833325386,
      0.7041377744078636,
      0.70637939453125,
      0.6699050459265709,
      0.6063067081570626,
      0.5500961300730706,
      0.569161731004715,
      0.6167324259877205,
      0.5765939992666245,
      0.5361562502384186,
      0.4682426178455353,
      0.4131927850842476,
      0.3787392684817314,
      0.3309993901848793,
      0.3274003344774246,
      0.35608832687139513,
      0.3920346754789352,
      0.33989436373114584,
      0.3078182952105999,
      0.250262194275856,
      0.23041567273437977,
      0.2244411463290453,
      0.22400528885424137,
      0.2279469196498394,
      0.22488825000822543,
      0.20735316447913646,
      0.20031685061752796,
      0.20587493024766446,
      0.180293527841568,
      0.12499680049717427,
      0.08150575278326869,
      0.0766027575545013,
      0.06940071791410446,
      0.072796166036278,
      0.05939904315397143,
      0.05864208225160837,
      0.06509307493455709,
      0.0651794933527708,
      0.06058599891141057,
      0.06455064973793924,
      0.06688324428163468,
      0.05906295830383897,
      0.059484906308352944,
      0.05898100079968572,
      0.06346734095364809,
      0.06199929030612111,
      0.0557414040248841,
      0.05765926950611174,
      0.07141328400932252,
      0.0679321675375104,
      0.06547199811786414,
      0.07710211001336574,
      0.08954397050663829,
      0.0873594469949603,
      0.0801928392611444,
      0.06292411306872964,
      0.061491557015106085,
      0.06657398720271886,
      0.059486938929185273,
      0.07887681645341217,
      0.07546359493397176,
      0.08060238976031542,
      0.060719923367723826,
      0.03817421826533973,
      0.034253909378312526,
      0.029234874043613673,
      0.03726333447033539,
      0.03464134218171239,
      0.03633702472783625,
      0.030807484686374665,
      0.025968824014998972,
      0.03349996901117265,
      0.03371992433443666,
      0.056993741281330584,
      0.06934936950914562,
      0.06673780552111566,
      0.05546879998408258,
      0.056604109359905126,
      0.05803882470354438,
      0.04640747739002109,
      0.04100008929148316,
      0.03690688577946275,
      0.04325523463077843,
      0.04341817238368094
    ],
    "train_acc": [
      24.0234375,
      35.28125,
      42.75,
      46.734375,
      50.5,
      53.40625,
      56.265625,
      57.9453125,
      60.3984375,
      62.84375,
      64.515625,
      66.34375,
      67.9609375,
      69.2578125,
      71.5078125,
      73.546875,
      74.8046875,
      75.0625,
      74.828125,
      76.1328125,
      78.6015625,
      80.578125,
      79.5,
      77.421875,
      78.8828125,
      80.625,
      83.28125,
      85.1796875,
      86.1484375,
      88.2578125,
      88.40625,
      86.9375,
      85.765625,
      87.5078125,
      88.9296875,
      90.9765625,
      91.6796875,
      91.8984375,
      92.234375,
      92.0078125,
      92.0703125,
      92.65625,
      93.0859375,
      92.9375,
      93.6171875,
      95.7578125,
      97.4453125,
      97.5546875,
      97.8828125,
      97.6640625,
      98.21875,
      98.328125,
      97.8828125,
      97.765625,
      98.1796875,
      97.9375,
      97.9140625,
      98.0625,
      98.21875,
      98.1640625,
      97.9921875,
      98.0703125,
      98.25,
      98.125,
      97.75,
      97.7734375,
      97.7265625,
      97.359375,
      96.9296875,
      97.1484375,
      97.109375,
      97.9921875,
      98.0625,
      97.90625,
      98.1640625,
      97.3671875,
      97.4921875,
      97.3359375,
      98.125,
      98.890625,
      98.953125,
      99.15625,
      98.8359375,
      98.9921875,
      98.8671875,
      99.1640625,
      99.265625,
      98.921875,
      99.0625,
      98.0859375,
      97.65625,
      97.8984375,
      98.3515625,
      98.1484375,
      98.1484375,
      98.6171875,
      98.8046875,
      98.78125,
      98.6171875,
      98.6640625
    ],
    "test_loss": [
      1.9160531663894653,
      1.5873525726795197,
      1.466657532453537,
      1.4507340908050537,
      1.3774941861629486,
      1.333661888241768,
      1.2855561816692351,
      1.24806129693985,
      1.2371219432353973,
      1.2326671993732452,
      1.2268255531787873,
      1.228233904838562,
      1.2415854769945145,
      1.335988696217537,
      1.3380799442529678,
      1.4138302135467529,
      1.5005603778362273,
      1.6604848849773406,
      1.6190016317367553,
      1.6204405480623245,
      1.670698699951172,
      1.7371888011693954,
      1.806249463558197,
      1.81249141395092,
      1.7734505999088288,
      1.7617727237939835,
      1.814025536775589,
      1.9693743789196014,
      2.097317888736725,
      2.205412010550499,
      2.296694256067276,
      2.3153504550457003,
      2.0772260743379594,
      2.2007076644897463,
      2.324291033744812,
      2.4088069546222686,
      2.5867603039741516,
      2.6750435042381286,
      2.3945601415634155,
      2.6405634224414825,
      2.688426684141159,
      2.7120533061027525,
      2.658638144135475,
      2.6236980950832365,
      2.7132258570194243,
      3.2301414084434508,
      3.466915615797043,
      3.434650377035141,
      3.48639111161232,
      3.562227121591568,
      3.5914590537548063,
      3.722894101142883,
      3.7495564436912536,
      3.552270530462265,
      3.61252170085907,
      3.6439049255847933,
      3.631017119884491,
      3.709800490140915,
      3.795943468809128,
      3.6969476389884948,
      3.6858075499534606,
      3.713072293996811,
      3.851397958993912,
      3.9012406814098357,
      3.729184457063675,
      3.774372240304947,
      3.8536564862728118,
      3.8128076004981994,
      3.778712021112442,
      3.854128484725952,
      3.5604393231868743,
      3.5591887438297274,
      3.6121312379837036,
      3.6417504251003265,
      3.701638339757919,
      3.578437465429306,
      3.6934662401676177,
      3.5717528247833252,
      3.7000170195102693,
      3.787262086868286,
      3.9334421384334566,
      3.8877583074569704,
      3.9276972723007204,
      3.9467651617527006,
      3.943157252073288,
      3.85565774679184,
      3.658503749370575,
      3.7771774435043337,
      3.920958708524704,
      3.7105461287498476,
      3.4437998735904696,
      3.4999283754825594,
      3.794987159371376,
      3.6885440546274184,
      3.6055690121650694,
      3.7093123102188112,
      3.873380185365677,
      3.8084987485408783,
      3.86834086060524,
      3.7411428654193877
    ],